#
# SQL Export
# Created by Querious (201054)
# Created: January 2, 2020 at 10:05:42 PM GMT+8
# Encoding: Unicode (UTF-8)
#


CREATE DATABASE IF NOT EXISTS `iriscms` DEFAULT CHARACTER SET utf8mb4 DEFAULT COLLATE utf8mb4_general_ci;
USE `iriscms`;




SET @PREVIOUS_FOREIGN_KEY_CHECKS = @@FOREIGN_KEY_CHECKS;
SET FOREIGN_KEY_CHECKS = 0;


CREATE TABLE `iriscms_admin` (
  `userid` mediumint(6) unsigned NOT NULL AUTO_INCREMENT,
  `username` varchar(20) DEFAULT NULL,
  `password` varchar(32) DEFAULT NULL,
  `roleid` smallint(5) DEFAULT '0',
  `encrypt` varchar(6) DEFAULT NULL,
  `lastloginip` varchar(15) DEFAULT NULL,
  `lastlogintime` int(10) unsigned DEFAULT '0',
  `email` varchar(40) DEFAULT NULL,
  `realname` varchar(50) NOT NULL DEFAULT '',
  PRIMARY KEY (`userid`) USING BTREE,
  UNIQUE KEY `UQE_iriscms_admin_username` (`username`) USING BTREE,
  KEY `username` (`username`) USING BTREE
) ENGINE=MyISAM AUTO_INCREMENT=12 DEFAULT CHARSET=utf8 ROW_FORMAT=DYNAMIC COMMENT='管理员表';


CREATE TABLE `iriscms_admin_role` (
  `roleid` tinyint(3) unsigned NOT NULL AUTO_INCREMENT,
  `rolename` varchar(50) NOT NULL,
  `description` text NOT NULL,
  `listorder` smallint(5) unsigned NOT NULL DEFAULT '0',
  `disabled` tinyint(1) unsigned NOT NULL DEFAULT '0',
  PRIMARY KEY (`roleid`) USING BTREE,
  UNIQUE KEY `UQE_iriscms_admin_role_rolename` (`rolename`) USING BTREE,
  KEY `listorder` (`listorder`) USING BTREE,
  KEY `disabled` (`disabled`) USING BTREE
) ENGINE=MyISAM AUTO_INCREMENT=10 DEFAULT CHARSET=utf8 ROW_FORMAT=DYNAMIC COMMENT='角色表';


CREATE TABLE `iriscms_admin_role_priv` (
  `roleid` tinyint(3) unsigned NOT NULL DEFAULT '0',
  `c` char(20) NOT NULL,
  `a` char(20) NOT NULL,
  KEY `roleid` (`roleid`,`c`,`a`) USING BTREE
) ENGINE=MyISAM DEFAULT CHARSET=utf8 ROW_FORMAT=FIXED COMMENT='角色操作权限配置表';


CREATE TABLE `iriscms_category` (
  `catid` smallint(5) unsigned NOT NULL AUTO_INCREMENT,
  `type` tinyint(1) unsigned NOT NULL DEFAULT '0' COMMENT '栏目类型',
  `parentid` smallint(5) unsigned NOT NULL DEFAULT '0' COMMENT '父类ID',
  `catname` varchar(30) NOT NULL COMMENT '分类名称',
  `description` mediumtext NOT NULL COMMENT '描述',
  `url` varchar(100) NOT NULL COMMENT '链接地址, 仅栏目类型为2的时候可用',
  `listorder` smallint(5) unsigned NOT NULL DEFAULT '0' COMMENT '排序号',
  `ismenu` tinyint(1) unsigned NOT NULL DEFAULT '1' COMMENT '是否为栏目, 最初设定是可以在前端展示',
  `index_tpl` varchar(255) NOT NULL DEFAULT '' COMMENT '后台列表',
  `list_tpl` varchar(255) NOT NULL COMMENT '前台列表模板',
  `detail_tpl` varchar(255) NOT NULL COMMENT '前台内容页模板',
  `thumb` varchar(50) NOT NULL COMMENT '栏目缩略图',
  `model_id` bigint(20) DEFAULT NULL COMMENT '模型id,仅栏目类型为0的时候可用',
  `tpl_prefix` varchar(255) DEFAULT NULL,
  `home_tpl` varchar(255) DEFAULT NULL,
  `content_tpl` varchar(255) DEFAULT NULL,
  PRIMARY KEY (`catid`) USING BTREE
) ENGINE=MyISAM AUTO_INCREMENT=2 DEFAULT CHARSET=utf8 ROW_FORMAT=DYNAMIC COMMENT='内容分类表';


CREATE TABLE `iriscms_category_priv` (
  `catid` smallint(5) unsigned NOT NULL DEFAULT '0',
  `roleid` smallint(5) unsigned NOT NULL DEFAULT '0',
  `is_admin` tinyint(1) unsigned NOT NULL DEFAULT '0',
  `action` char(30) NOT NULL,
  KEY `catid` (`catid`,`roleid`,`is_admin`,`action`) USING BTREE
) ENGINE=MyISAM DEFAULT CHARSET=utf8 ROW_FORMAT=FIXED;


CREATE TABLE `iriscms_content` (
  `id` mediumint(8) unsigned NOT NULL AUTO_INCREMENT,
  `catid` smallint(5) unsigned NOT NULL DEFAULT '0',
  `title` varchar(80) NOT NULL DEFAULT '',
  `thumb` varchar(100) NOT NULL DEFAULT '',
  `keywords` char(40) NOT NULL DEFAULT '',
  `description` mediumtext NOT NULL,
  `content` mediumtext NOT NULL,
  `listorder` tinyint(3) unsigned NOT NULL DEFAULT '0',
  `status` tinyint(2) unsigned NOT NULL DEFAULT '1',
  `recommend` tinyint(2) DEFAULT NULL,
  `pwd_type` tinyint(2) DEFAULT NULL,
  `money` tinyint(5) DEFAULT NULL,
  `created_at` int(11) DEFAULT NULL,
  `updated_at` int(11) DEFAULT NULL,
  `deleted_at` int(11) DEFAULT NULL,
  `source_url` varchar(255) DEFAULT NULL,
  `source_pwd` varchar(255) DEFAULT NULL,
  `catids` varchar(255) DEFAULT NULL,
  `tags` varchar(255) DEFAULT NULL,
  `userid` int(11) DEFAULT NULL,
  PRIMARY KEY (`id`) USING BTREE,
  KEY `status` (`status`,`listorder`,`id`) USING BTREE,
  KEY `listorder` (`catid`,`status`,`listorder`,`id`) USING BTREE,
  KEY `catid` (`catid`,`status`,`id`) USING BTREE
) ENGINE=MyISAM DEFAULT CHARSET=utf8 ROW_FORMAT=DYNAMIC COMMENT='新闻表后期根据模型扩展';


CREATE TABLE `iriscms_document_model` (
  `id` int(11) NOT NULL AUTO_INCREMENT,
  `name` varchar(128) DEFAULT NULL COMMENT '文档名称',
  `table` varchar(128) DEFAULT NULL COMMENT '对应的表名',
  `enabled` tinyint(4) DEFAULT '0' COMMENT '是否启用',
  `is_system` tinyint(4) DEFAULT '0' COMMENT '是否为系统模型 无法删除',
  `model_type` tinyint(4) DEFAULT '0' COMMENT '模型类型: 扩展模型 和 独立模型',
  `fe_tpl_index` varchar(128) DEFAULT NULL COMMENT '模型前端主页模板地址',
  `fe_tpl_list` varchar(128) DEFAULT NULL COMMENT '模型前端列表模板地址',
  `fe_tpl_detail` varchar(128) DEFAULT NULL COMMENT '模型前端详情模板地址',
  `deleted_at` datetime DEFAULT NULL,
  PRIMARY KEY (`id`) USING BTREE
) ENGINE=InnoDB AUTO_INCREMENT=14 DEFAULT CHARSET=utf8mb4 ROW_FORMAT=DYNAMIC COMMENT='文档模型用于存储自定义类型的文档内容';


CREATE TABLE `iriscms_document_model_dsl` (
  `id` int(11) NOT NULL AUTO_INCREMENT,
  `mid` int(11) NOT NULL DEFAULT '0' COMMENT '模型id',
  `form_name` varchar(128) DEFAULT NULL COMMENT '字段在表单内的名称',
  `table_field` varchar(128) DEFAULT NULL,
  `html` text COMMENT '字段html',
  `required` tinyint(4) DEFAULT '0' COMMENT '是否必填',
  `datasource` varchar(128) DEFAULT NULL COMMENT '数据源, 可以让下拉选项等高级功能有数据读取的源头,具体设计可以是提供列表函数类的',
  `required_tips` varchar(128) DEFAULT NULL COMMENT '必填(选)提醒',
  `validator` varchar(128) DEFAULT NULL COMMENT '验证器名称或内容',
  `deleted_at` datetime DEFAULT NULL,
  PRIMARY KEY (`id`) USING BTREE
) ENGINE=InnoDB AUTO_INCREMENT=25 DEFAULT CHARSET=utf8mb4 ROW_FORMAT=DYNAMIC;


CREATE TABLE `iriscms_document_model_field` (
  `id` int(11) NOT NULL AUTO_INCREMENT,
  `name` varchar(128) DEFAULT NULL COMMENT '字段名称',
  `type` varchar(128) DEFAULT NULL COMMENT '字段对应的数据类型',
  `desc` varchar(128) DEFAULT NULL COMMENT '字段描述',
  `html` text,
  PRIMARY KEY (`id`) USING BTREE
) ENGINE=InnoDB AUTO_INCREMENT=13 DEFAULT CHARSET=utf8mb4 ROW_FORMAT=DYNAMIC;


CREATE TABLE `iriscms_link` (
  `linkid` smallint(5) unsigned NOT NULL AUTO_INCREMENT,
  `linktype` tinyint(1) unsigned NOT NULL DEFAULT '0',
  `name` varchar(50) NOT NULL DEFAULT '',
  `url` varchar(255) NOT NULL DEFAULT '',
  `logo` varchar(255) NOT NULL DEFAULT '',
  `introduce` text NOT NULL,
  `listorder` smallint(5) unsigned NOT NULL DEFAULT '0',
  `passed` tinyint(1) unsigned NOT NULL DEFAULT '0',
  `addtime` int(10) unsigned NOT NULL DEFAULT '0',
  PRIMARY KEY (`linkid`) USING BTREE
) ENGINE=MyISAM DEFAULT CHARSET=utf8 ROW_FORMAT=DYNAMIC COMMENT='友情链接表';


CREATE TABLE `iriscms_log` (
  `logid` int(10) unsigned NOT NULL AUTO_INCREMENT,
  `controller` varchar(15) NOT NULL,
  `action` varchar(20) NOT NULL,
  `querystring` mediumtext NOT NULL,
  `userid` mediumint(8) unsigned NOT NULL DEFAULT '0',
  `username` varchar(20) NOT NULL,
  `ip` varchar(15) NOT NULL,
  `time` datetime NOT NULL,
  PRIMARY KEY (`logid`) USING BTREE,
  KEY `module` (`controller`,`action`) USING BTREE,
  KEY `username` (`username`) USING BTREE
) ENGINE=MyISAM AUTO_INCREMENT=1641 DEFAULT CHARSET=utf8 ROW_FORMAT=DYNAMIC COMMENT='操作日志表';


CREATE TABLE `iriscms_member` (
  `id` int(11) NOT NULL AUTO_INCREMENT,
  `account` varchar(255) DEFAULT NULL,
  `password` varchar(255) DEFAULT NULL,
  `avatar` varchar(255) DEFAULT NULL,
  `nickname` varchar(255) DEFAULT NULL,
  `integral` int(255) DEFAULT NULL,
  `sale_integral` int(255) DEFAULT NULL,
  `draw_account` varchar(0) DEFAULT NULL,
  `telphone` varchar(255) DEFAULT NULL,
  `qq` varchar(255) DEFAULT NULL,
  `description` varchar(255) DEFAULT NULL,
  `created_at` datetime DEFAULT NULL,
  `updated_at` datetime DEFAULT NULL,
  `email` varchar(255) DEFAULT NULL,
  `enabled` tinyint(2) NOT NULL DEFAULT '0',
  `verify_token` varchar(255) DEFAULT NULL,
  PRIMARY KEY (`id`) USING BTREE
) ENGINE=MyISAM AUTO_INCREMENT=2 DEFAULT CHARSET=utf8 ROW_FORMAT=DYNAMIC COMMENT='系统配置表';


CREATE TABLE `iriscms_menu` (
  `id` smallint(6) unsigned NOT NULL AUTO_INCREMENT,
  `name` char(40) NOT NULL DEFAULT '',
  `parentid` smallint(6) NOT NULL DEFAULT '0',
  `c` char(20) NOT NULL DEFAULT '',
  `a` char(20) NOT NULL DEFAULT '',
  `data` char(255) NOT NULL DEFAULT '',
  `is_system` tinyint(1) NOT NULL DEFAULT '0',
  `listorder` smallint(6) unsigned NOT NULL DEFAULT '0',
  `display` enum('1','0') NOT NULL DEFAULT '1',
  PRIMARY KEY (`id`) USING BTREE,
  KEY `listorder` (`listorder`) USING BTREE,
  KEY `parentid` (`parentid`) USING BTREE,
  KEY `module` (`c`,`a`) USING BTREE
) ENGINE=MyISAM AUTO_INCREMENT=65 DEFAULT CHARSET=utf8 ROW_FORMAT=FIXED COMMENT='权限表';


CREATE TABLE `iriscms_news` (
  `id` mediumint(8) unsigned NOT NULL AUTO_INCREMENT,
  `catid` smallint(5) unsigned NOT NULL DEFAULT '0',
  `title` varchar(80) NOT NULL DEFAULT '',
  `thumb` varchar(100) NOT NULL DEFAULT '',
  `keywords` char(40) NOT NULL DEFAULT '',
  `description` mediumtext NOT NULL,
  `content` mediumtext NOT NULL,
  `listorder` tinyint(3) unsigned NOT NULL DEFAULT '0',
  `status` tinyint(2) unsigned NOT NULL DEFAULT '1',
  `username` char(20) NOT NULL,
  `inputtime` int(10) unsigned NOT NULL DEFAULT '0',
  `updatetime` int(10) unsigned NOT NULL DEFAULT '0',
  `tpl` varchar(255) NOT NULL COMMENT '//模板名称',
  `recommend` tinyint(1) NOT NULL DEFAULT '0' COMMENT '推荐',
  PRIMARY KEY (`id`) USING BTREE,
  KEY `status` (`status`,`listorder`,`id`) USING BTREE,
  KEY `listorder` (`catid`,`status`,`listorder`,`id`) USING BTREE,
  KEY `catid` (`catid`,`status`,`id`) USING BTREE
) ENGINE=MyISAM DEFAULT CHARSET=utf8 ROW_FORMAT=DYNAMIC COMMENT='新闻表后期根据模型扩展';


CREATE TABLE `iriscms_page` (
  `catid` smallint(5) unsigned NOT NULL DEFAULT '0',
  `title` varchar(160) NOT NULL,
  `keywords` varchar(40) NOT NULL,
  `content` text NOT NULL,
  `updatetime` int(10) unsigned NOT NULL DEFAULT '0',
  KEY `catid` (`catid`) USING BTREE
) ENGINE=MyISAM DEFAULT CHARSET=utf8 ROW_FORMAT=DYNAMIC COMMENT='单页内容表';


CREATE TABLE `iriscms_setting` (
  `key` varchar(50) NOT NULL,
  `value` text,
  PRIMARY KEY (`key`) USING BTREE,
  UNIQUE KEY `UQE_iriscms_setting_key` (`key`) USING BTREE
) ENGINE=MyISAM DEFAULT CHARSET=utf8 ROW_FORMAT=DYNAMIC COMMENT='系统配置表';


CREATE TABLE `iriscms_slide` (
  `id` int(11) unsigned NOT NULL AUTO_INCREMENT,
  `title` varchar(255) NOT NULL DEFAULT '',
  `name` varchar(255) NOT NULL DEFAULT '' COMMENT '名称',
  `name1` varchar(255) NOT NULL DEFAULT '',
  `desc` varchar(255) NOT NULL DEFAULT '',
  `url` varchar(255) NOT NULL COMMENT '地址',
  `imgurl` varchar(255) NOT NULL COMMENT '图片地址',
  `wapimgurl` varchar(255) DEFAULT NULL,
  `sigin` varchar(255) NOT NULL COMMENT '图片标识',
  `sort` int(5) NOT NULL DEFAULT '1' COMMENT '排序',
  PRIMARY KEY (`id`) USING BTREE
) ENGINE=MyISAM DEFAULT CHARSET=utf8 ROW_FORMAT=DYNAMIC COMMENT='幻灯片';


CREATE TABLE `iriscms_wechat_member` (
  `id` int(11) NOT NULL AUTO_INCREMENT,
  `openid` varchar(255) DEFAULT NULL,
  `mpid` varchar(255) DEFAULT NULL,
  `nickname` varchar(255) DEFAULT NULL,
  `sex` tinyint(2) DEFAULT NULL,
  `headimgurl` varchar(255) DEFAULT NULL,
  `subscribe_scene` varchar(255) DEFAULT NULL,
  `time` datetime DEFAULT NULL,
  PRIMARY KEY (`id`) USING BTREE
) ENGINE=MyISAM DEFAULT CHARSET=utf8 ROW_FORMAT=DYNAMIC COMMENT='系统配置表';


CREATE TABLE `iriscms_wechat_message_log` (
  `logid` bigint(20) NOT NULL,
  `content` varchar(255) DEFAULT NULL,
  `time` datetime DEFAULT NULL,
  PRIMARY KEY (`logid`) USING BTREE
) ENGINE=MyISAM DEFAULT CHARSET=utf8 ROW_FORMAT=DYNAMIC;




SET FOREIGN_KEY_CHECKS = @PREVIOUS_FOREIGN_KEY_CHECKS;


SET @PREVIOUS_FOREIGN_KEY_CHECKS = @@FOREIGN_KEY_CHECKS;
SET FOREIGN_KEY_CHECKS = 0;


LOCK TABLES `iriscms_admin` WRITE;
ALTER TABLE `iriscms_admin` DISABLE KEYS;
INSERT INTO `iriscms_admin` (`userid`, `username`, `password`, `roleid`, `encrypt`, `lastloginip`, `lastlogintime`, `email`, `realname`) VALUES 
	(1,'admin','0087af20a551a8b804f89469534b7859',1,'qmRlFL','::1',1474291850,'chenchengbin92@gmail.com','mirchen.com'),
	(11,'test','834a33db060873a7a208617930edb29a',9,'5u2G0w','::1',0,'asdasd@asdasd.com1','ccc1');
ALTER TABLE `iriscms_admin` ENABLE KEYS;
UNLOCK TABLES;


LOCK TABLES `iriscms_admin_role` WRITE;
ALTER TABLE `iriscms_admin_role` DISABLE KEYS;
INSERT INTO `iriscms_admin_role` (`roleid`, `rolename`, `description`, `listorder`, `disabled`) VALUES 
	(1,'超级管理员','超级管理员',0,0),
	(9,'test','test',0,0);
ALTER TABLE `iriscms_admin_role` ENABLE KEYS;
UNLOCK TABLES;


LOCK TABLES `iriscms_admin_role_priv` WRITE;
ALTER TABLE `iriscms_admin_role_priv` DISABLE KEYS;
INSERT INTO `iriscms_admin_role_priv` (`roleid`, `c`, `a`) VALUES 
	(9,'system','left'),
	(9,'system','log-delete'),
	(9,'system','loglist'),
	(9,'system','logview'),
	(9,'system','menuadd'),
	(9,'system','menudelete'),
	(9,'system','menuedit'),
	(9,'system','menulist'),
	(9,'system','menuorder'),
	(9,'system','menuview'),
	(9,'system','top');
ALTER TABLE `iriscms_admin_role_priv` ENABLE KEYS;
UNLOCK TABLES;


LOCK TABLES `iriscms_category` WRITE;
ALTER TABLE `iriscms_category` DISABLE KEYS;
INSERT INTO `iriscms_category` (`catid`, `type`, `parentid`, `catname`, `description`, `url`, `listorder`, `ismenu`, `index_tpl`, `list_tpl`, `detail_tpl`, `thumb`, `model_id`, `tpl_prefix`, `home_tpl`, `content_tpl`) VALUES 
	(1,0,0,'测试栏目','','',0,1,'','','','',3,NULL,NULL,NULL);
ALTER TABLE `iriscms_category` ENABLE KEYS;
UNLOCK TABLES;


LOCK TABLES `iriscms_category_priv` WRITE;
ALTER TABLE `iriscms_category_priv` DISABLE KEYS;
ALTER TABLE `iriscms_category_priv` ENABLE KEYS;
UNLOCK TABLES;


LOCK TABLES `iriscms_content` WRITE;
ALTER TABLE `iriscms_content` DISABLE KEYS;
ALTER TABLE `iriscms_content` ENABLE KEYS;
UNLOCK TABLES;


LOCK TABLES `iriscms_document_model` WRITE;
ALTER TABLE `iriscms_document_model` DISABLE KEYS;
INSERT INTO `iriscms_document_model` (`id`, `name`, `table`, `enabled`, `is_system`, `model_type`, `fe_tpl_index`, `fe_tpl_list`, `fe_tpl_detail`, `deleted_at`) VALUES 
	(3,'文章模型','articles',1,0,0,'','','',NULL),
	(13,'测试模型','test',1,0,0,'','','',NULL);
ALTER TABLE `iriscms_document_model` ENABLE KEYS;
UNLOCK TABLES;


LOCK TABLES `iriscms_document_model_dsl` WRITE;
ALTER TABLE `iriscms_document_model_dsl` DISABLE KEYS;
INSERT INTO `iriscms_document_model_dsl` (`id`, `mid`, `form_name`, `table_field`, `html`, `required`, `datasource`, `required_tips`, `validator`, `deleted_at`) VALUES 
	(5,3,'标题','title','<input class="easyui-textbox" {{attr}} style="width:300px">',1,'','','',NULL),
	(6,3,'内容','content','<editor {{attr}} />',1,'','','',NULL),
	(17,13,'单行输入框','text','<input class="easyui-textbox" {{attr}} style="width:300px">',1,'','不能为空','',NULL),
	(18,13,'多行数据框','textarea','<input class="easyui-textbox" {{attr}} style="width:300px">',1,'','不能为空','',NULL),
	(19,13,'html输入框','html','<input class="easyui-textbox" {{attr}} style="width:300px">',1,'','html不能为空','',NULL),
	(20,13,'单图上传','img','<input class="easyui-textbox" {{attr}} style="width:300px">',1,'','','',NULL),
	(21,13,'多图上传','images','<input class="easyui-textbox" {{attr}} style="width:300px">',1,'','','',NULL),
	(22,13,'单选','radio','<input class="easyui-textbox" {{attr}} style="width:300px">',1,'','','',NULL),
	(23,13,'多选','checkbox','<input class="easyui-textbox" {{attr}} style="width:300px">',1,'','','',NULL),
	(24,13,'附件上传','att','<input class="easyui-filebox" style="width:300px">',1,'','','',NULL);
ALTER TABLE `iriscms_document_model_dsl` ENABLE KEYS;
UNLOCK TABLES;


LOCK TABLES `iriscms_document_model_field` WRITE;
ALTER TABLE `iriscms_document_model_field` DISABLE KEYS;
INSERT INTO `iriscms_document_model_field` (`id`, `name`, `type`, `desc`, `html`) VALUES 
	(1,'单行文本','varchar','常用字段，如文章标题、作者等都属于直接输入少量内容的文本，设置这个文本之后需要指定文本长度，默认为250，如果大于255则为text类型','<input class="easyui-textbox" {{attr}} style="width:300px">'),
	(2,'多行文本','text','也是较为常用的字段类型，如个人简介、产品描述都可以使用多行文本进行存储','<input class="easyui-textbox" {{attr}} style="height:80px; width: 300px;" />'),
	(3,'HTML文本','text','编辑器编辑产生的html内容，用于比较复杂的内容形式, 可以认为是附带编辑器的多行文本','<editor />'),
	(4,'附件','varshar','前端表现为input[file]类型,可以上传并且返回一个相对地址','<input class="easyui-filebox" style="width:300px">'),
	(5,'下拉框','varchar','下拉选择，一般用于如软件类型、语言类型等字段','<input class="easyui-combobox" {{attr}} >'),
	(6,'联动类型','varchar','一种数组形式的数据类型，可以在系统后台联动类型管理中进行设置','select class="easyui-combotree" {{attr}} style="width:200px;" data-options="{{options}}"></select>'),
	(7,'单选框','varchar','平铺显示, 可以认为是下拉框的展开','<div>{{loop}}<input data-toggle="topjui-radiobutton" {{attr}} value="{{value}}"">{{end}}</div>'),
	(8,'多选框','varchar','多选框, 平铺显示为多个选项','<div>{{loop}}<input data-toggle="topjui-checkbox" {{attr}} value="{{value}}">{{end}} </div>'),
	(9,'整数类型','int','常用字段, 仅能输入数字','<input type="text" class="easyui-numberbox" value="{{value}}" {{attr}} data-options="min:0,precision:0">'),
	(10,'浮点类型','float','常用字段, 仅能输入浮点数(小数)','<input type="text" class="easyui-numberbox" value="{{value}}" {{attr}} data-options="min:0,precision:4">'),
	(11,'单图上传','varchar','常用字段, 会生成一个单图上传框','<images />'),
	(12,'多图上传','varchar','生成一个多图上传的组件','<mul-images />');
ALTER TABLE `iriscms_document_model_field` ENABLE KEYS;
UNLOCK TABLES;


LOCK TABLES `iriscms_link` WRITE;
ALTER TABLE `iriscms_link` DISABLE KEYS;
ALTER TABLE `iriscms_link` ENABLE KEYS;
UNLOCK TABLES;


LOCK TABLES `iriscms_log` WRITE;
ALTER TABLE `iriscms_log` DISABLE KEYS;
INSERT INTO `iriscms_log` (`logid`, `controller`, `action`, `querystring`, `userid`, `username`, `ip`, `time`) VALUES 
	(435,'category','list','/b/category/list?menuid=36&&_=1576660545834',1,'admin','::1','2019-12-18 17:15:45'),
	(434,'content','right','/b/content/right',1,'admin','::1','2019-12-18 17:15:45'),
	(433,'content','right','/b/content/right',1,'admin','::1','2019-12-18 17:15:45'),
	(432,'content','right','/b/content/right?_=1576660545381',1,'admin','::1','2019-12-18 17:15:45'),
	(431,'content','index','/b/content/index?menuid=35&&_=1576660545355',1,'admin','::1','2019-12-18 17:15:45'),
	(430,'category','list','/b/category/list?menuid=36&&_=1576660540378',1,'admin','::1','2019-12-18 17:15:40'),
	(429,'content','right','/b/content/right',1,'admin','::1','2019-12-18 17:15:38'),
	(428,'content','right','/b/content/right',1,'admin','::1','2019-12-18 17:15:38'),
	(427,'content','right','/b/content/right?_=1576660538305',1,'admin','::1','2019-12-18 17:15:38'),
	(426,'content','index','/b/content/index?menuid=35&&_=1576660538271',1,'admin','::1','2019-12-18 17:15:38'),
	(425,'category','list','/b/category/list?grid=treegrid',1,'admin','::1','2019-12-18 17:15:36'),
	(424,'category','list','/b/category/list?menuid=36&&_=1576660536848',1,'admin','::1','2019-12-18 17:15:36'),
	(423,'setting','site','/b/setting/site?grid=propertygrid',1,'admin','::1','2019-12-18 17:15:34'),
	(422,'setting','site','/b/setting/site?menuid=10&&_=1576660534221',1,'admin','::1','2019-12-18 17:15:34'),
	(421,'admin','rolelist','/b/admin/rolelist?grid=datagrid&page=1&rows=10',1,'admin','::1','2019-12-18 17:15:33'),
	(420,'admin','rolelist','/b/admin/rolelist?menuid=13&&_=1576660532932',1,'admin','::1','2019-12-18 17:15:32'),
	(419,'admin','memberlist','/b/admin/memberlist?grid=datagrid&page=1&rows=10',1,'admin','::1','2019-12-18 17:15:32'),
	(418,'admin','memberlist','/b/admin/memberlist?menuid=12&&_=1576660532403',1,'admin','::1','2019-12-18 17:15:32'),
	(417,'setting','site','/b/setting/site?grid=propertygrid',1,'admin','::1','2019-12-17 17:09:58'),
	(416,'setting','site','/b/setting/site?menuid=10&&_=1576573798645',1,'admin','::1','2019-12-17 17:09:58'),
	(415,'admin','rolelist','/b/admin/rolelist?grid=datagrid&page=1&rows=10',1,'admin','::1','2019-12-17 17:09:57'),
	(414,'admin','rolelist','/b/admin/rolelist?menuid=13&&_=1576573797170',1,'admin','::1','2019-12-17 17:09:57'),
	(413,'admin','memberlist','/b/admin/memberlist?grid=datagrid&page=1&rows=10',1,'admin','::1','2019-12-17 17:09:56'),
	(412,'admin','memberlist','/b/admin/memberlist?menuid=12&&_=1576573796576',1,'admin','::1','2019-12-17 17:09:56'),
	(411,'system','menulist','/b/system/menulist?menuid=16&&_=1576573794352',1,'admin','::1','2019-12-17 17:09:54'),
	(410,'system','loglist','/b/system/loglist?page=1&rows=10',1,'admin','::1','2019-12-17 17:09:53'),
	(409,'system','loglist','/b/system/loglist?menuid=15&&_=1576573793709',1,'admin','::1','2019-12-17 17:09:53'),
	(408,'system','menulist','/b/system/menulist?grid=treegrid',1,'admin','::1','2019-12-17 17:09:53'),
	(407,'system','menulist','/b/system/menulist?menuid=16&&_=1576573792989',1,'admin','::1','2019-12-17 17:09:53'),
	(406,'content','news-list','/b/content/news-list?grid=datagrid&catid=35&page=1&rows=10',1,'admin','::1','2019-12-17 17:09:51'),
	(405,'content','news-list','/b/content/news-list?catid=35&_=1576573790739',1,'admin','::1','2019-12-17 17:09:50'),
	(404,'content','news-list','/b/content/news-list?grid=datagrid&catid=36&page=1&rows=10',1,'admin','::1','2019-12-17 17:09:50'),
	(403,'content','news-list','/b/content/news-list?catid=36&_=1576573790200',1,'admin','::1','2019-12-17 17:09:50'),
	(402,'content','right','/b/content/right',1,'admin','::1','2019-12-17 17:09:49'),
	(401,'content','right','/b/content/right',1,'admin','::1','2019-12-17 17:09:49'),
	(400,'content','right','/b/content/right?_=1576573789175',1,'admin','::1','2019-12-17 17:09:49'),
	(399,'content','index','/b/content/index?menuid=35&&_=1576573789128',1,'admin','::1','2019-12-17 17:09:49'),
	(398,'category','list','/b/category/list?grid=treegrid',1,'admin','::1','2019-12-17 17:09:47'),
	(397,'category','list','/b/category/list?menuid=36&&_=1576573786868',1,'admin','::1','2019-12-17 17:09:46'),
	(396,'content','right','/b/content/right',1,'admin','::1','2019-12-17 17:09:45'),
	(395,'content','right','/b/content/right',1,'admin','::1','2019-12-17 17:09:45'),
	(394,'content','right','/b/content/right?_=1576573785687',1,'admin','::1','2019-12-17 17:09:45'),
	(393,'content','index','/b/content/index?menuid=35&&_=1576573785653',1,'admin','::1','2019-12-17 17:09:45'),
	(392,'system','menulist','/b/system/menulist?menuid=16&&_=1576573392910',11,'test','::1','2019-12-17 17:03:12'),
	(391,'system','loglist','/b/system/loglist?page=1&rows=10',11,'test','::1','2019-12-17 17:03:12'),
	(390,'system','loglist','/b/system/loglist?menuid=15&&_=1576573392322',11,'test','::1','2019-12-17 17:03:12'),
	(389,'system','menulist','/b/system/menulist?grid=treegrid',11,'test','::1','2019-12-17 17:03:11'),
	(388,'system','menulist','/b/system/menulist?menuid=16&&_=1576573391627',11,'test','::1','2019-12-17 17:03:11'),
	(387,'system','loglist','/b/system/loglist?page=13&rows=20',11,'test','::1','2019-12-17 16:17:15'),
	(386,'system','loglist','/b/system/loglist?page=12&rows=20',11,'test','::1','2019-12-17 16:17:14'),
	(385,'system','loglist','/b/system/loglist?page=11&rows=20',11,'test','::1','2019-12-17 16:17:14'),
	(384,'system','loglist','/b/system/loglist?page=10&rows=20',11,'test','::1','2019-12-17 16:17:14'),
	(383,'system','loglist','/b/system/loglist?page=9&rows=20',11,'test','::1','2019-12-17 16:17:11'),
	(382,'system','loglist','/b/system/loglist?page=8&rows=20',11,'test','::1','2019-12-17 16:17:11'),
	(381,'system','loglist','/b/system/loglist?page=7&rows=20',11,'test','::1','2019-12-17 16:17:11'),
	(380,'system','loglist','/b/system/loglist?page=6&rows=20',11,'test','::1','2019-12-17 16:17:11'),
	(379,'system','loglist','/b/system/loglist?page=5&rows=20',11,'test','::1','2019-12-17 16:17:06'),
	(378,'system','loglist','/b/system/loglist?page=5&rows=50',11,'test','::1','2019-12-17 16:17:04'),
	(377,'system','loglist','/b/system/loglist?page=4&rows=50',11,'test','::1','2019-12-17 16:17:04'),
	(376,'system','loglist','/b/system/loglist?page=3&rows=50',11,'test','::1','2019-12-17 16:17:03'),
	(375,'system','loglist','/b/system/loglist?page=2&rows=50',11,'test','::1','2019-12-17 16:17:00'),
	(374,'system','loglist','/b/system/loglist?page=1&rows=50',11,'test','::1','2019-12-17 16:16:58'),
	(373,'system','loglist','/b/system/loglist?page=1&rows=10',11,'test','::1','2019-12-17 16:16:52'),
	(372,'system','loglist','/b/system/loglist?menuid=15&&_=1576570612835',11,'test','::1','2019-12-17 16:16:52'),
	(371,'system','menulist','/b/system/menulist?grid=treegrid',11,'test','::1','2019-12-17 16:16:52'),
	(370,'system','menulist','/b/system/menulist?menuid=16&&_=1576570611955',11,'test','::1','2019-12-17 16:16:51'),
	(369,'system','menulist','/b/system/menulist?menuid=16&&_=1576570582972',11,'test','::1','2019-12-17 16:16:22'),
	(368,'system','loglist','/b/system/loglist?page=1&rows=10',11,'test','::1','2019-12-17 16:16:22'),
	(367,'system','loglist','/b/system/loglist?menuid=15&&_=1576570582358',11,'test','::1','2019-12-17 16:16:22'),
	(366,'system','menulist','/b/system/menulist?grid=treegrid',11,'test','::1','2019-12-17 16:16:22'),
	(365,'system','menulist','/b/system/menulist?menuid=16&&_=1576570581867',11,'test','::1','2019-12-17 16:16:21'),
	(364,'system','menulist','/b/system/menulist?grid=treegrid',11,'test','::1','2019-12-17 15:11:03'),
	(363,'system','menulist','/b/system/menulist?grid=treegrid',11,'test','::1','2019-12-17 15:10:47'),
	(362,'system','menulist','/b/system/menulist?menuid=16&&_=1576566646952',11,'test','::1','2019-12-17 15:10:46'),
	(361,'system','menulist','/b/system/menulist?grid=treegrid',11,'test','::1','2019-12-17 15:10:10'),
	(360,'system','menulist','/b/system/menulist?menuid=16&&_=1576566610010',11,'test','::1','2019-12-17 15:10:10'),
	(359,'system','log-delete','/b/system/log-delete',11,'test','::1','2019-12-17 15:10:02'),
	(358,'system','loglist','/b/system/loglist?page=3&rows=10',11,'test','::1','2019-12-17 15:06:54'),
	(357,'system','loglist','/b/system/loglist?page=2&rows=10',11,'test','::1','2019-12-17 15:06:52'),
	(356,'system','log-delete','/b/system/log-delete',11,'test','::1','2019-12-17 15:05:54'),
	(355,'system','log-delete','/b/system/log-delete',11,'test','::1','2019-12-17 15:05:52'),
	(354,'system','loglist','/b/system/loglist?menuid=15&&_=1576566352018',11,'test','::1','2019-12-17 15:05:52'),
	(353,'system','menulist','/b/system/menulist?grid=treegrid',11,'test','::1','2019-12-17 15:05:51'),
	(352,'system','menulist','/b/system/menulist?menuid=16&&_=1576566351112',11,'test','::1','2019-12-17 15:05:51'),
	(351,'system','loglist','/b/system/loglist?page=1&rows=10',11,'test','::1','2019-12-17 15:05:50'),
	(350,'system','loglist','/b/system/loglist?menuid=15&&_=1576566350127',11,'test','::1','2019-12-17 15:05:50'),
	(349,'system','menulist','/b/system/menulist?grid=treegrid',11,'test','::1','2019-12-17 15:03:54'),
	(348,'system','menulist','/b/system/menulist?menuid=16&&_=1576566233912',11,'test','::1','2019-12-17 15:03:53'),
	(347,'system','loglist','/b/system/loglist?page=7&rows=10',11,'test','::1','2019-12-17 15:03:52'),
	(346,'system','loglist','/b/system/loglist?page=6&rows=10',11,'test','::1','2019-12-17 15:03:52'),
	(345,'system','loglist','/b/system/loglist?page=5&rows=10',11,'test','::1','2019-12-17 15:03:52'),
	(344,'system','loglist','/b/system/loglist?page=4&rows=10',11,'test','::1','2019-12-17 15:03:52'),
	(343,'system','loglist','/b/system/loglist?page=3&rows=10',11,'test','::1','2019-12-17 15:03:51'),
	(342,'system','loglist','/b/system/loglist?page=2&rows=10',11,'test','::1','2019-12-17 15:03:50'),
	(341,'system','loglist','/b/system/loglist?page=1&rows=10',11,'test','::1','2019-12-17 15:01:31'),
	(340,'system','loglist','/b/system/loglist?menuid=15&&_=1576566090676',11,'test','::1','2019-12-17 15:01:30'),
	(339,'system','menulist','/b/system/menulist?grid=treegrid',11,'test','::1','2019-12-17 15:01:28'),
	(338,'system','menulist','/b/system/menulist?menuid=16&&_=1576566088116',11,'test','::1','2019-12-17 15:01:28'),
	(337,'system','log-delete','/b/system/log-delete',11,'test','::1','2019-12-17 15:01:20'),
	(336,'system','log-delete','/b/system/log-delete',11,'test','::1','2019-12-17 14:56:22'),
	(335,'system','log-delete','/b/system/log-delete',11,'test','::1','2019-12-17 14:56:19'),
	(334,'system','loglist','/b/system/loglist?page=1&rows=10',11,'test','::1','2019-12-17 14:56:05'),
	(333,'system','log-delete','/b/system/log-delete',11,'test','::1','2019-12-17 14:55:52'),
	(135,'content','index','/b/content/index?menuid=35&&_=1576550314690',1,'admin','127.0.0.1','2019-12-17 10:38:34'),
	(136,'content','right','/b/content/right?_=1576550314780',1,'admin','127.0.0.1','2019-12-17 10:38:34'),
	(137,'content','right','/b/content/right',1,'admin','127.0.0.1','2019-12-17 10:38:34'),
	(138,'content','right','/b/content/right',1,'admin','127.0.0.1','2019-12-17 10:38:34'),
	(139,'category','list','/b/category/list?menuid=36&&_=1576550315676',1,'admin','127.0.0.1','2019-12-17 10:38:35'),
	(140,'category','list','/b/category/list?grid=treegrid',1,'admin','127.0.0.1','2019-12-17 10:38:35'),
	(141,'system','menulist','/b/system/menulist?menuid=16&&_=1576550318895',1,'admin','127.0.0.1','2019-12-17 10:38:38'),
	(142,'system','menulist','/b/system/menulist?grid=treegrid',1,'admin','127.0.0.1','2019-12-17 10:38:39'),
	(143,'system','loglist','/b/system/loglist?menuid=15&&_=1576550319796',1,'admin','127.0.0.1','2019-12-17 10:38:39'),
	(144,'system','loglist','/b/system/loglist?page=1&rows=10',1,'admin','127.0.0.1','2019-12-17 10:38:40'),
	(145,'admin','memberlist','/b/admin/memberlist?menuid=12&&_=1576550322440',1,'admin','127.0.0.1','2019-12-17 10:38:42'),
	(146,'admin','memberlist','/b/admin/memberlist?grid=datagrid&page=1&rows=10',1,'admin','127.0.0.1','2019-12-17 10:38:42'),
	(147,'admin','rolelist','/b/admin/rolelist?menuid=13&&_=1576550323550',1,'admin','127.0.0.1','2019-12-17 10:38:43'),
	(148,'admin','rolelist','/b/admin/rolelist?grid=datagrid&page=1&rows=10',1,'admin','127.0.0.1','2019-12-17 10:38:43'),
	(149,'admin','memberlist','/b/admin/memberlist?menuid=12&&_=1576550324624',1,'admin','127.0.0.1','2019-12-17 10:38:44'),
	(150,'admin','memberlist','/b/admin/memberlist?grid=datagrid&page=1&rows=10',1,'admin','127.0.0.1','2019-12-17 10:38:44'),
	(151,'admin','rolelist','/b/admin/rolelist?menuid=13&&_=1576550325604',1,'admin','127.0.0.1','2019-12-17 10:38:45'),
	(152,'admin','rolelist','/b/admin/rolelist?grid=datagrid&page=1&rows=10',1,'admin','127.0.0.1','2019-12-17 10:38:45'),
	(153,'admin','memberlist','/b/admin/memberlist?menuid=12&&_=1576550327263',1,'admin','127.0.0.1','2019-12-17 10:38:47'),
	(154,'admin','memberlist','/b/admin/memberlist?grid=datagrid&page=1&rows=10',1,'admin','127.0.0.1','2019-12-17 10:38:47'),
	(155,'content','index','/b/content/index?menuid=35&&_=1576550336530',1,'admin','127.0.0.1','2019-12-17 10:38:56'),
	(156,'content','right','/b/content/right?_=1576550336621',1,'admin','127.0.0.1','2019-12-17 10:38:56'),
	(157,'content','right','/b/content/right',1,'admin','127.0.0.1','2019-12-17 10:38:56'),
	(158,'content','right','/b/content/right',1,'admin','127.0.0.1','2019-12-17 10:38:56'),
	(159,'category','list','/b/category/list?menuid=36&&_=1576550337288',1,'admin','127.0.0.1','2019-12-17 10:38:57'),
	(160,'category','list','/b/category/list?grid=treegrid',1,'admin','127.0.0.1','2019-12-17 10:38:57'),
	(161,'content','index','/b/content/index?menuid=35&&_=1576550339277',1,'admin','127.0.0.1','2019-12-17 10:38:59'),
	(162,'content','right','/b/content/right?_=1576550339370',1,'admin','127.0.0.1','2019-12-17 10:38:59'),
	(163,'content','right','/b/content/right',1,'admin','127.0.0.1','2019-12-17 10:38:59'),
	(164,'content','right','/b/content/right',1,'admin','127.0.0.1','2019-12-17 10:38:59'),
	(165,'category','list','/b/category/list?menuid=36&&_=1576550339865',1,'admin','127.0.0.1','2019-12-17 10:38:59'),
	(166,'category','list','/b/category/list?grid=treegrid',1,'admin','127.0.0.1','2019-12-17 10:39:00'),
	(167,'system','loglist','/b/system/loglist?menuid=15&&_=1576550342172',1,'admin','127.0.0.1','2019-12-17 10:39:02'),
	(168,'system','loglist','/b/system/loglist?page=1&rows=10',1,'admin','127.0.0.1','2019-12-17 10:39:02'),
	(169,'system','menulist','/b/system/menulist?menuid=16&&_=1576550343251',1,'admin','127.0.0.1','2019-12-17 10:39:03'),
	(170,'system','menulist','/b/system/menulist?grid=treegrid',1,'admin','127.0.0.1','2019-12-17 10:39:03'),
	(171,'system','loglist','/b/system/loglist?menuid=15&&_=1576550343901',1,'admin','127.0.0.1','2019-12-17 10:39:03'),
	(172,'system','loglist','/b/system/loglist?page=1&rows=10',1,'admin','127.0.0.1','2019-12-17 10:39:04'),
	(173,'category','list','/b/category/list?menuid=36&&_=1576563928708',1,'admin','::1','2019-12-17 14:25:28'),
	(174,'category','list','/b/category/list?grid=treegrid',1,'admin','::1','2019-12-17 14:25:28'),
	(175,'content','index','/b/content/index?menuid=35&&_=1576563929759',1,'admin','::1','2019-12-17 14:25:29'),
	(176,'content','right','/b/content/right?_=1576563929798',1,'admin','::1','2019-12-17 14:25:29'),
	(177,'content','right','/b/content/right',1,'admin','::1','2019-12-17 14:25:29'),
	(178,'content','right','/b/content/right',1,'admin','::1','2019-12-17 14:25:29'),
	(179,'category','list','/b/category/list?menuid=36&&_=1576563931143',1,'admin','::1','2019-12-17 14:25:31'),
	(180,'content','index','/b/content/index?menuid=35&&_=1576563931661',1,'admin','::1','2019-12-17 14:25:31'),
	(181,'content','right','/b/content/right?_=1576563931694',1,'admin','::1','2019-12-17 14:25:31'),
	(182,'content','right','/b/content/right',1,'admin','::1','2019-12-17 14:25:31'),
	(183,'content','right','/b/content/right',1,'admin','::1','2019-12-17 14:25:31'),
	(184,'category','list','/b/category/list?menuid=36&&_=1576563932681',1,'admin','::1','2019-12-17 14:25:32'),
	(185,'content','index','/b/content/index?menuid=35&&_=1576563933106',1,'admin','::1','2019-12-17 14:25:33'),
	(186,'content','right','/b/content/right?_=1576563933139',1,'admin','::1','2019-12-17 14:25:33'),
	(187,'content','right','/b/content/right',1,'admin','::1','2019-12-17 14:25:33'),
	(188,'content','right','/b/content/right',1,'admin','::1','2019-12-17 14:25:33'),
	(189,'category','list','/b/category/list?menuid=36&&_=1576563934001',1,'admin','::1','2019-12-17 14:25:34'),
	(190,'content','index','/b/content/index?menuid=35&&_=1576563934628',1,'admin','::1','2019-12-17 14:25:34'),
	(191,'content','right','/b/content/right?_=1576563934660',1,'admin','::1','2019-12-17 14:25:34'),
	(192,'content','right','/b/content/right',1,'admin','::1','2019-12-17 14:25:34'),
	(193,'content','right','/b/content/right',1,'admin','::1','2019-12-17 14:25:34'),
	(194,'category','list','/b/category/list?menuid=36&&_=1576563935447',1,'admin','::1','2019-12-17 14:25:35'),
	(195,'content','index','/b/content/index?menuid=35&&_=1576563936197',1,'admin','::1','2019-12-17 14:25:36'),
	(196,'content','right','/b/content/right?_=1576563936228',1,'admin','::1','2019-12-17 14:25:36'),
	(197,'content','right','/b/content/right',1,'admin','::1','2019-12-17 14:25:36'),
	(198,'content','right','/b/content/right',1,'admin','::1','2019-12-17 14:25:36'),
	(199,'system','loglist','/b/system/loglist?menuid=15&&_=1576563939115',1,'admin','::1','2019-12-17 14:25:39'),
	(200,'system','loglist','/b/system/loglist?page=1&rows=10',1,'admin','::1','2019-12-17 14:25:39'),
	(201,'system','menulist','/b/system/menulist?menuid=16&&_=1576563952651',1,'admin','::1','2019-12-17 14:25:52'),
	(202,'system','menulist','/b/system/menulist?grid=treegrid',1,'admin','::1','2019-12-17 14:25:52'),
	(203,'system','loglist','/b/system/loglist?menuid=15&&_=1576563953561',1,'admin','::1','2019-12-17 14:25:53'),
	(204,'system','loglist','/b/system/loglist?page=1&rows=10',1,'admin','::1','2019-12-17 14:25:53'),
	(205,'system','menulist','/b/system/menulist?menuid=16&&_=1576563961798',1,'admin','::1','2019-12-17 14:26:01'),
	(206,'system','loglist','/b/system/loglist?menuid=15&&_=1576563962301',1,'admin','::1','2019-12-17 14:26:02'),
	(207,'system','menulist','/b/system/menulist?menuid=16&&_=1576563964434',1,'admin','::1','2019-12-17 14:26:04'),
	(208,'system','menulist','/b/system/menulist?grid=treegrid',1,'admin','::1','2019-12-17 14:26:04'),
	(209,'system','loglist','/b/system/loglist?menuid=15&&_=1576563965101',1,'admin','::1','2019-12-17 14:26:05'),
	(210,'system','loglist','/b/system/loglist?page=1&rows=10',1,'admin','::1','2019-12-17 14:26:05'),
	(211,'system','menulist','/b/system/menulist?menuid=16&&_=1576563984246',1,'admin','::1','2019-12-17 14:26:24'),
	(212,'system','menulist','/b/system/menulist?grid=treegrid',1,'admin','::1','2019-12-17 14:26:24'),
	(213,'admin','rolelist','/b/admin/rolelist?menuid=13&&_=1576563994844',1,'admin','::1','2019-12-17 14:26:34'),
	(214,'admin','rolelist','/b/admin/rolelist?grid=datagrid&page=1&rows=10',1,'admin','::1','2019-12-17 14:26:34'),
	(215,'admin','memberlist','/b/admin/memberlist?menuid=12&&_=1576563995492',1,'admin','::1','2019-12-17 14:26:35'),
	(216,'admin','memberlist','/b/admin/memberlist?grid=datagrid&page=1&rows=10',1,'admin','::1','2019-12-17 14:26:35'),
	(217,'admin','rolelist','/b/admin/rolelist?menuid=13&&_=1576563996052',1,'admin','::1','2019-12-17 14:26:36'),
	(218,'admin','memberlist','/b/admin/memberlist?menuid=12&&_=1576563996560',1,'admin','::1','2019-12-17 14:26:36'),
	(219,'admin','rolelist','/b/admin/rolelist?menuid=13&&_=1576563997086',1,'admin','::1','2019-12-17 14:26:37'),
	(220,'admin','memberlist','/b/admin/memberlist?menuid=12&&_=1576563997564',1,'admin','::1','2019-12-17 14:26:37'),
	(221,'admin','rolelist','/b/admin/rolelist?menuid=13&&_=1576563998076',1,'admin','::1','2019-12-17 14:26:38'),
	(222,'admin','memberlist','/b/admin/memberlist?menuid=12&&_=1576563998767',1,'admin','::1','2019-12-17 14:26:38'),
	(223,'admin','rolelist','/b/admin/rolelist?menuid=13&&_=1576563999973',1,'admin','::1','2019-12-17 14:26:39'),
	(224,'admin','memberlist','/b/admin/memberlist?menuid=12&&_=1576564000400',1,'admin','::1','2019-12-17 14:26:40'),
	(225,'admin','rolelist','/b/admin/rolelist?menuid=13&&_=1576564001741',1,'admin','::1','2019-12-17 14:26:41'),
	(226,'system','menulist','/b/system/menulist?menuid=16&&_=1576564008778',1,'admin','::1','2019-12-17 14:26:48'),
	(227,'system','menulist','/b/system/menulist?grid=treegrid',1,'admin','::1','2019-12-17 14:26:48'),
	(228,'system','loglist','/b/system/loglist?menuid=15&&_=1576564009681',1,'admin','::1','2019-12-17 14:26:49'),
	(229,'system','loglist','/b/system/loglist?page=1&rows=10',1,'admin','::1','2019-12-17 14:26:49'),
	(230,'system','log-delete','/b/system/log-delete',1,'admin','::1','2019-12-17 14:26:50'),
	(231,'system','log-delete','/b/system/log-delete',1,'admin','::1','2019-12-17 14:26:55'),
	(232,'system','log-delete','/b/system/log-delete',1,'admin','::1','2019-12-17 14:27:00'),
	(233,'content','index','/b/content/index?menuid=35&&_=1576564280767',1,'admin','::1','2019-12-17 14:31:20'),
	(234,'content','right','/b/content/right?_=1576564280800',1,'admin','::1','2019-12-17 14:31:20'),
	(235,'content','right','/b/content/right',1,'admin','::1','2019-12-17 14:31:20'),
	(236,'content','right','/b/content/right',1,'admin','::1','2019-12-17 14:31:20'),
	(237,'category','list','/b/category/list?menuid=36&&_=1576564281398',1,'admin','::1','2019-12-17 14:31:21'),
	(238,'category','list','/b/category/list?grid=treegrid',1,'admin','::1','2019-12-17 14:31:21'),
	(239,'content','index','/b/content/index?menuid=35&&_=1576564282169',1,'admin','::1','2019-12-17 14:31:22'),
	(240,'content','right','/b/content/right?_=1576564282201',1,'admin','::1','2019-12-17 14:31:22'),
	(241,'content','right','/b/content/right',1,'admin','::1','2019-12-17 14:31:22'),
	(242,'content','right','/b/content/right',1,'admin','::1','2019-12-17 14:31:22'),
	(243,'category','list','/b/category/list?menuid=36&&_=1576564283896',1,'admin','::1','2019-12-17 14:31:23'),
	(244,'content','index','/b/content/index?menuid=35&&_=1576564284305',1,'admin','::1','2019-12-17 14:31:24'),
	(245,'content','right','/b/content/right?_=1576564284336',1,'admin','::1','2019-12-17 14:31:24'),
	(246,'content','right','/b/content/right',1,'admin','::1','2019-12-17 14:31:24'),
	(247,'content','right','/b/content/right',1,'admin','::1','2019-12-17 14:31:24'),
	(248,'system','loglist','/b/system/loglist?menuid=15&&_=1576564287275',1,'admin','::1','2019-12-17 14:31:27'),
	(249,'system','loglist','/b/system/loglist?page=1&rows=10',1,'admin','::1','2019-12-17 14:31:27'),
	(250,'system','menulist','/b/system/menulist?menuid=16&&_=1576564288069',1,'admin','::1','2019-12-17 14:31:28'),
	(251,'system','menulist','/b/system/menulist?grid=treegrid',1,'admin','::1','2019-12-17 14:31:28'),
	(252,'admin','memberlist','/b/admin/memberlist?menuid=12&&_=1576564290792',1,'admin','::1','2019-12-17 14:31:30'),
	(253,'admin','memberlist','/b/admin/memberlist?grid=datagrid&page=1&rows=10',1,'admin','::1','2019-12-17 14:31:30'),
	(254,'admin','rolelist','/b/admin/rolelist?menuid=13&&_=1576564291408',1,'admin','::1','2019-12-17 14:31:31'),
	(255,'admin','rolelist','/b/admin/rolelist?grid=datagrid&page=1&rows=10',1,'admin','::1','2019-12-17 14:31:31'),
	(256,'admin','memberlist','/b/admin/memberlist?menuid=12&&_=1576564291881',1,'admin','::1','2019-12-17 14:31:31'),
	(257,'admin','rolelist','/b/admin/rolelist?menuid=13&&_=1576564292348',1,'admin','::1','2019-12-17 14:31:32'),
	(258,'admin','memberlist','/b/admin/memberlist?menuid=12&&_=1576564292850',1,'admin','::1','2019-12-17 14:31:32'),
	(259,'admin','memberlist','/b/admin/memberlist?grid=datagrid&page=1&rows=10',1,'admin','::1','2019-12-17 14:32:59'),
	(260,'admin','member-add','/b/admin/member-add?_=1576564385957',1,'admin','::1','2019-12-17 14:33:05'),
	(261,'admin','member-add','/b/admin/member-add',1,'admin','::1','2019-12-17 14:33:25'),
	(262,'admin','memberlist','/b/admin/memberlist?grid=datagrid&page=1&rows=10',1,'admin','::1','2019-12-17 14:33:25'),
	(263,'admin','rolelist','/b/admin/rolelist?menuid=13&&_=1576564407670',1,'admin','::1','2019-12-17 14:33:27'),
	(264,'admin','rolelist','/b/admin/rolelist?grid=datagrid&page=1&rows=10',1,'admin','::1','2019-12-17 14:33:27'),
	(265,'admin','role-add','/b/admin/role-add?_=1576564409015',1,'admin','::1','2019-12-17 14:33:29'),
	(266,'admin','role-add','/b/admin/role-add',1,'admin','::1','2019-12-17 14:33:32'),
	(267,'admin','role-add','/b/admin/role-add',1,'admin','::1','2019-12-17 14:33:39'),
	(268,'admin','role-add','/b/admin/role-add',1,'admin','::1','2019-12-17 14:33:42'),
	(269,'admin','rolelist','/b/admin/rolelist?grid=datagrid&page=1&rows=10',1,'admin','::1','2019-12-17 14:33:42'),
	(270,'admin','role-permission','/b/admin/role-permission?id=9&_=1576564425640',1,'admin','::1','2019-12-17 14:33:45'),
	(271,'admin','role-permission','/b/admin/role-permission?id=9',1,'admin','::1','2019-12-17 14:33:45'),
	(272,'admin','role-permission','/b/admin/role-permission?dosubmit=1&id=9',1,'admin','::1','2019-12-17 14:33:47'),
	(273,'admin','memberlist','/b/admin/memberlist?menuid=12&&_=1576564436343',1,'admin','::1','2019-12-17 14:33:56'),
	(274,'admin','memberlist','/b/admin/memberlist?grid=datagrid&page=1&rows=10',1,'admin','::1','2019-12-17 14:33:56'),
	(275,'admin','member-edit','/b/admin/member-edit?id=11&_=1576564439223',1,'admin','::1','2019-12-17 14:33:59'),
	(276,'admin','member-edit','/b/admin/member-edit?id=11',1,'admin','::1','2019-12-17 14:34:02'),
	(277,'admin','member-edit','/b/admin/member-edit?id=11',1,'admin','::1','2019-12-17 14:34:05'),
	(278,'admin','memberlist','/b/admin/memberlist?menuid=12&&_=1576564452313',1,'admin','::1','2019-12-17 14:34:12'),
	(279,'admin','memberlist','/b/admin/memberlist?grid=datagrid&page=1&rows=10',1,'admin','::1','2019-12-17 14:34:12'),
	(280,'admin','rolelist','/b/admin/rolelist?menuid=13&&_=1576564453831',1,'admin','::1','2019-12-17 14:34:13'),
	(281,'admin','rolelist','/b/admin/rolelist?grid=datagrid&page=1&rows=10',1,'admin','::1','2019-12-17 14:34:14'),
	(282,'admin','memberlist','/b/admin/memberlist?menuid=12&&_=1576564454264',1,'admin','::1','2019-12-17 14:34:14'),
	(283,'system','loglist','/b/system/loglist?menuid=15&&_=1576564472022',11,'test','::1','2019-12-17 14:34:32'),
	(284,'system','loglist','/b/system/loglist?page=1&rows=10',11,'test','::1','2019-12-17 14:34:32'),
	(285,'system','menulist','/b/system/menulist?menuid=16&&_=1576564473675',11,'test','::1','2019-12-17 14:34:33'),
	(286,'system','menulist','/b/system/menulist?grid=treegrid',11,'test','::1','2019-12-17 14:34:33'),
	(287,'system','loglist','/b/system/loglist?menuid=15&&_=1576564476531',11,'test','::1','2019-12-17 14:34:36'),
	(288,'system','menulist','/b/system/menulist?menuid=16&&_=1576564477448',11,'test','::1','2019-12-17 14:34:37'),
	(289,'system','loglist','/b/system/loglist?menuid=15&&_=1576564511994',11,'test','::1','2019-12-17 14:35:12'),
	(290,'system','loglist','/b/system/loglist?page=1&rows=10',11,'test','::1','2019-12-17 14:35:12'),
	(291,'system','menulist','/b/system/menulist?menuid=16&&_=1576564512523',11,'test','::1','2019-12-17 14:35:12'),
	(292,'system','menulist','/b/system/menulist?grid=treegrid',11,'test','::1','2019-12-17 14:35:12'),
	(293,'system','loglist','/b/system/loglist?menuid=15&&_=1576564513138',11,'test','::1','2019-12-17 14:35:13'),
	(294,'system','menulist','/b/system/menulist?menuid=16&&_=1576564513525',11,'test','::1','2019-12-17 14:35:13'),
	(295,'system','loglist','/b/system/loglist?menuid=15&&_=1576564513921',11,'test','::1','2019-12-17 14:35:13'),
	(296,'system','menulist','/b/system/menulist?menuid=16&&_=1576564514261',11,'test','::1','2019-12-17 14:35:14'),
	(297,'system','loglist','/b/system/loglist?menuid=15&&_=1576564579863',11,'test','::1','2019-12-17 14:36:19'),
	(298,'system','loglist','/b/system/loglist?page=1&rows=10',11,'test','::1','2019-12-17 14:36:19'),
	(299,'system','menulist','/b/system/menulist?menuid=16&&_=1576564580485',11,'test','::1','2019-12-17 14:36:20'),
	(300,'system','menulist','/b/system/menulist?grid=treegrid',11,'test','::1','2019-12-17 14:36:20'),
	(301,'system','loglist','/b/system/loglist?menuid=15&&_=1576564581049',11,'test','::1','2019-12-17 14:36:21'),
	(302,'system','menulist','/b/system/menulist?menuid=16&&_=1576564581495',11,'test','::1','2019-12-17 14:36:21'),
	(303,'system','loglist','/b/system/loglist?menuid=15&&_=1576564633565',11,'test','::1','2019-12-17 14:37:13'),
	(304,'system','loglist','/b/system/loglist?page=1&rows=10',11,'test','::1','2019-12-17 14:37:13'),
	(305,'system','loglist','/b/system/loglist?menuid=15&&_=1576565063582',11,'test','::1','2019-12-17 14:44:23'),
	(306,'system','loglist','/b/system/loglist?page=1&rows=10',11,'test','::1','2019-12-17 14:44:23'),
	(307,'system','menulist','/b/system/menulist?menuid=16&&_=1576565064854',11,'test','::1','2019-12-17 14:44:24'),
	(308,'system','menulist','/b/system/menulist?grid=treegrid',11,'test','::1','2019-12-17 14:44:24'),
	(309,'system','loglist','/b/system/loglist?menuid=15&&_=1576565065345',11,'test','::1','2019-12-17 14:44:25'),
	(310,'system','menulist','/b/system/menulist?menuid=16&&_=1576565075222',11,'test','::1','2019-12-17 14:44:35'),
	(311,'system','menulist','/b/system/menulist?grid=treegrid',11,'test','::1','2019-12-17 14:44:35'),
	(312,'system','loglist','/b/system/loglist?menuid=15&&_=1576565077149',11,'test','::1','2019-12-17 14:44:37'),
	(313,'system','loglist','/b/system/loglist?page=1&rows=10',11,'test','::1','2019-12-17 14:44:37'),
	(314,'admin','memberlist','/b/admin/memberlist?menuid=12&&_=1576565099598',1,'admin','::1','2019-12-17 14:44:59'),
	(315,'admin','memberlist','/b/admin/memberlist?grid=datagrid&page=1&rows=10',1,'admin','::1','2019-12-17 14:44:59'),
	(316,'admin','member-edit','/b/admin/member-edit?id=11&_=1576565101674',1,'admin','::1','2019-12-17 14:45:01'),
	(317,'admin','rolelist','/b/admin/rolelist?menuid=13&&_=1576565104256',1,'admin','::1','2019-12-17 14:45:04'),
	(318,'admin','rolelist','/b/admin/rolelist?grid=datagrid&page=1&rows=10',1,'admin','::1','2019-12-17 14:45:04'),
	(319,'admin','role-permission','/b/admin/role-permission?id=9&_=1576565105824',1,'admin','::1','2019-12-17 14:45:05'),
	(320,'admin','role-permission','/b/admin/role-permission?id=9',1,'admin','::1','2019-12-17 14:45:05'),
	(321,'system','menulist','/b/system/menulist?menuid=16&&_=1576565143231',11,'test','::1','2019-12-17 14:45:43'),
	(322,'system','menulist','/b/system/menulist?grid=treegrid',11,'test','::1','2019-12-17 14:45:43'),
	(323,'system','loglist','/b/system/loglist?menuid=15&&_=1576565144798',11,'test','::1','2019-12-17 14:45:44'),
	(324,'system','loglist','/b/system/loglist?page=1&rows=10',11,'test','::1','2019-12-17 14:45:45'),
	(325,'system','loglist','/b/system/loglist?menuid=15&&_=1576565255995',11,'test','::1','2019-12-17 14:47:36'),
	(326,'system','loglist','/b/system/loglist?page=1&rows=10',11,'test','::1','2019-12-17 14:47:36'),
	(327,'system','menulist','/b/system/menulist?menuid=16&&_=1576565302315',11,'test','::1','2019-12-17 14:48:22'),
	(328,'system','menulist','/b/system/menulist?grid=treegrid',11,'test','::1','2019-12-17 14:48:22'),
	(329,'system','loglist','/b/system/loglist?menuid=15&&_=1576565303426',11,'test','::1','2019-12-17 14:48:23'),
	(330,'system','loglist','/b/system/loglist?page=1&rows=10',11,'test','::1','2019-12-17 14:48:23'),
	(331,'system','log-delete','/b/system/log-delete',11,'test','::1','2019-12-17 14:51:36'),
	(332,'system','log-delete','/b/system/log-delete',11,'test','::1','2019-12-17 14:54:56'),
	(436,'system','loglist','/b/system/loglist?menuid=15&&_=1576660548323',1,'admin','::1','2019-12-18 17:15:48'),
	(437,'system','loglist','/b/system/loglist?page=1&rows=10',1,'admin','::1','2019-12-18 17:15:48'),
	(438,'system','menulist','/b/system/menulist?menuid=16&&_=1576660549182',1,'admin','::1','2019-12-18 17:15:49'),
	(439,'system','menulist','/b/system/menulist?grid=treegrid',1,'admin','::1','2019-12-18 17:15:49'),
	(440,'setting','site','/b/setting/site?menuid=10&&_=1576660562795',1,'admin','::1','2019-12-18 17:16:02'),
	(441,'setting','site','/b/setting/site?grid=propertygrid',1,'admin','::1','2019-12-18 17:16:02'),
	(442,'admin','memberlist','/b/admin/memberlist?menuid=12&&_=1576660564886',1,'admin','::1','2019-12-18 17:16:04'),
	(443,'admin','memberlist','/b/admin/memberlist?grid=datagrid&page=1&rows=10',1,'admin','::1','2019-12-18 17:16:05'),
	(444,'admin','rolelist','/b/admin/rolelist?menuid=13&&_=1576660565722',1,'admin','::1','2019-12-18 17:16:05'),
	(445,'admin','rolelist','/b/admin/rolelist?grid=datagrid&page=1&rows=10',1,'admin','::1','2019-12-18 17:16:05'),
	(446,'admin','memberlist','/b/admin/memberlist?menuid=12&&_=1576660569364',1,'admin','::1','2019-12-18 17:16:09'),
	(447,'admin','rolelist','/b/admin/rolelist?menuid=13&&_=1576660569826',1,'admin','::1','2019-12-18 17:16:09'),
	(448,'admin','memberlist','/b/admin/memberlist?menuid=12&&_=1576660603592',1,'admin','::1','2019-12-18 17:16:43'),
	(449,'admin','memberlist','/b/admin/memberlist?grid=datagrid&page=1&rows=10',1,'admin','::1','2019-12-18 17:16:43'),
	(450,'admin','rolelist','/b/admin/rolelist?menuid=13&&_=1576660606048',1,'admin','::1','2019-12-18 17:16:46'),
	(451,'admin','rolelist','/b/admin/rolelist?grid=datagrid&page=1&rows=10',1,'admin','::1','2019-12-18 17:16:46'),
	(452,'system','menulist','/b/system/menulist?menuid=16&&_=1576660611890',1,'admin','::1','2019-12-18 17:16:51'),
	(453,'system','menulist','/b/system/menulist?grid=treegrid',1,'admin','::1','2019-12-18 17:16:51'),
	(454,'system','menulist','/b/system/menulist?grid=treegrid',1,'admin','::1','2019-12-18 17:19:19'),
	(455,'content','index','/b/content/index?menuid=35&&_=1576660778830',1,'admin','::1','2019-12-18 17:19:38'),
	(456,'content','right','/b/content/right?_=1576660778857',1,'admin','::1','2019-12-18 17:19:38'),
	(457,'content','right','/b/content/right',1,'admin','::1','2019-12-18 17:19:38'),
	(458,'content','right','/b/content/right',1,'admin','::1','2019-12-18 17:19:38'),
	(459,'category','list','/b/category/list?menuid=36&&_=1576660779525',1,'admin','::1','2019-12-18 17:19:39'),
	(460,'category','list','/b/category/list?grid=treegrid',1,'admin','::1','2019-12-18 17:19:39'),
	(461,'system','menulist','/b/system/menulist?menuid=16&&_=1576660782181',1,'admin','::1','2019-12-18 17:19:42'),
	(462,'system','menulist','/b/system/menulist?grid=treegrid',1,'admin','::1','2019-12-18 17:19:42'),
	(463,'system','menu-order','/b/system/menu-order',1,'admin','::1','2019-12-18 17:19:50'),
	(464,'system','menulist','/b/system/menulist?grid=treegrid',1,'admin','::1','2019-12-18 17:19:54'),
	(465,'admin','memberlist','/b/admin/memberlist?menuid=12&&_=1576660823268',1,'admin','::1','2019-12-18 17:20:23'),
	(466,'admin','memberlist','/b/admin/memberlist?grid=datagrid&page=1&rows=10',1,'admin','::1','2019-12-18 17:20:23'),
	(467,'user','info','/b/user/info?menuid=57&&_=1576660956382',1,'admin','::1','2019-12-18 17:22:36'),
	(468,'user','list','/b/user/list?menuid=56&&_=1576660985193',1,'admin','::1','2019-12-18 17:23:05'),
	(469,'user','list','/b/user/list?page=1&rows=10',1,'admin','::1','2019-12-18 17:23:05'),
	(470,'admin','memberlist','/b/admin/memberlist?menuid=12&&_=1576660990134',1,'admin','::1','2019-12-18 17:23:10'),
	(471,'admin','memberlist','/b/admin/memberlist?grid=datagrid&page=1&rows=10',1,'admin','::1','2019-12-18 17:23:10'),
	(472,'admin','rolelist','/b/admin/rolelist?menuid=13&&_=1576660990749',1,'admin','::1','2019-12-18 17:23:10'),
	(473,'admin','rolelist','/b/admin/rolelist?grid=datagrid&page=1&rows=10',1,'admin','::1','2019-12-18 17:23:10'),
	(474,'user','list','/b/user/list?menuid=56&&_=1576660993210',1,'admin','::1','2019-12-18 17:23:13'),
	(475,'user','list','/b/user/list?menuid=56&&_=1576661073587',1,'admin','::1','2019-12-18 17:24:33'),
	(476,'user','list','/b/user/list?page=1&rows=10',1,'admin','::1','2019-12-18 17:24:33'),
	(477,'wechat','userinfo','/b/wechat/userinfo?menuid=59&&_=1576661077778',1,'admin','::1','2019-12-18 17:24:37'),
	(478,'user','list','/b/user/list?menuid=56&&_=1576661083050',1,'admin','::1','2019-12-18 17:24:43'),
	(479,'wechat','userinfo','/b/wechat/userinfo?menuid=59&&_=1576661165799',1,'admin','::1','2019-12-18 17:26:05'),
	(480,'user','list','/b/user/list?menuid=56&&_=1576661168701',1,'admin','::1','2019-12-18 17:26:08'),
	(481,'user','list','/b/user/list?page=1&rows=10',1,'admin','::1','2019-12-18 17:26:08'),
	(482,'user','list','/b/user/list?menuid=56&&_=1576661222465',1,'admin','::1','2019-12-18 17:27:02'),
	(483,'user','list','/b/user/list?page=1&rows=10',1,'admin','::1','2019-12-18 17:27:02'),
	(484,'user','info','/b/user/info?id=1',1,'admin','::1','2019-12-18 17:27:04'),
	(485,'user','info','/b/user/info?id=1',1,'admin','::1','2019-12-18 17:29:14'),
	(486,'user','list','/b/user/list?menuid=56&&_=1576661372693',1,'admin','::1','2019-12-18 17:29:32'),
	(487,'user','list','/b/user/list?page=1&rows=10',1,'admin','::1','2019-12-18 17:29:32'),
	(488,'user','info','/b/user/info?id=1',1,'admin','::1','2019-12-18 17:29:33'),
	(489,'user','list','/b/user/list?menuid=56&&_=1576661402186',1,'admin','::1','2019-12-18 17:30:02'),
	(490,'user','list','/b/user/list?page=1&rows=10',1,'admin','::1','2019-12-18 17:30:02'),
	(491,'user','info','/b/user/info?id=1',1,'admin','::1','2019-12-18 17:30:03'),
	(492,'user','list','/b/user/list?menuid=56&&_=1576661571834',1,'admin','::1','2019-12-18 17:32:51'),
	(493,'user','list','/b/user/list?page=1&rows=10',1,'admin','::1','2019-12-18 17:32:52'),
	(494,'user','info','/b/user/info?id=1',1,'admin','::1','2019-12-18 17:32:53'),
	(495,'user','list','/b/user/list?menuid=56&&_=1576661705664',1,'admin','::1','2019-12-18 17:35:05'),
	(496,'user','list','/b/user/list?menuid=56&&_=1576661710901',1,'admin','::1','2019-12-18 17:35:10'),
	(497,'user','list','/b/user/list?menuid=56&&_=1576661772507',1,'admin','::1','2019-12-18 17:36:12'),
	(498,'user','list','/b/user/list?menuid=56&&_=1576661952969',1,'admin','::1','2019-12-18 17:39:12'),
	(499,'user','list','/b/user/list?page=1&rows=10',1,'admin','::1','2019-12-18 17:39:13'),
	(500,'user','list','/b/user/list?menuid=56&&_=1576661955539',1,'admin','::1','2019-12-18 17:39:15'),
	(501,'user','info','/b/user/info?id=1',1,'admin','::1','2019-12-18 17:39:16'),
	(502,'user','edit','/b/user/edit?id=id',1,'admin','::1','2019-12-18 17:50:04'),
	(503,'user','list','/b/user/list?menuid=56&&_=1576662934373',1,'admin','::1','2019-12-18 17:55:34'),
	(504,'user','list','/b/user/list?page=1&rows=10',1,'admin','::1','2019-12-18 17:55:34'),
	(505,'user','info','/b/user/info?id=1',1,'admin','::1','2019-12-18 17:55:36'),
	(506,'user','edit','/b/user/edit?id=1',1,'admin','::1','2019-12-18 17:55:53'),
	(507,'user','edit','/b/user/edit?id=1',1,'admin','::1','2019-12-18 18:03:55'),
	(508,'user','edit','/b/user/edit?id=1',1,'admin','::1','2019-12-18 18:04:06'),
	(509,'user','edit','/b/user/edit?id=1',1,'admin','::1','2019-12-18 18:04:07'),
	(510,'user','edit','/b/user/edit?id=1',1,'admin','::1','2019-12-18 18:04:07'),
	(511,'user','edit','/b/user/edit?id=1',1,'admin','::1','2019-12-18 18:04:07'),
	(512,'user','edit','/b/user/edit?id=1',1,'admin','::1','2019-12-18 18:04:07'),
	(513,'user','edit','/b/user/edit?id=1',1,'admin','::1','2019-12-18 18:04:08'),
	(514,'user','edit','/b/user/edit?id=1',1,'admin','::1','2019-12-18 18:04:51'),
	(515,'user','edit','/b/user/edit?id=1',1,'admin','::1','2019-12-18 18:06:31'),
	(516,'user','edit','/b/user/edit?id=1',1,'admin','::1','2019-12-18 18:06:49'),
	(517,'user','info','/b/user/info?id=1',1,'admin','::1','2019-12-18 18:07:13'),
	(518,'user','edit','/b/user/edit?id=1',1,'admin','::1','2019-12-18 18:07:30'),
	(519,'user','info','/b/user/info?id=1',1,'admin','::1','2019-12-18 18:08:41'),
	(520,'user','edit','/b/user/edit?id=1',1,'admin','::1','2019-12-18 18:08:44'),
	(521,'user','edit','/b/user/edit?id=1',1,'admin','::1','2019-12-18 18:08:48'),
	(522,'user','edit','/b/user/edit?id=1',1,'admin','::1','2019-12-18 18:08:51'),
	(523,'user','edit','/b/user/edit?id=1',1,'admin','::1','2019-12-18 18:09:27'),
	(524,'user','info','/b/user/info?id=1',1,'admin','::1','2019-12-18 18:10:37'),
	(525,'user','edit','/b/user/edit?id=1',1,'admin','::1','2019-12-18 18:10:41'),
	(526,'user','list','/b/user/list?menuid=56&&_=1576663847414',1,'admin','::1','2019-12-18 18:10:47'),
	(527,'user','list','/b/user/list?page=1&rows=10',1,'admin','::1','2019-12-18 18:10:47'),
	(528,'user','info','/b/user/info?id=1',1,'admin','::1','2019-12-18 18:10:49'),
	(529,'user','edit','/b/user/edit?id=1',1,'admin','::1','2019-12-18 18:10:52'),
	(530,'user','edit','/b/user/edit?id=1',1,'admin','::1','2019-12-18 18:11:05'),
	(531,'user','edit','/b/user/edit?id=1',1,'admin','::1','2019-12-18 18:11:12'),
	(532,'user','list','/b/user/list?menuid=56&&_=1576663912186',1,'admin','::1','2019-12-18 18:11:52'),
	(533,'user','list','/b/user/list?page=1&rows=10',1,'admin','::1','2019-12-18 18:11:52'),
	(534,'user','info','/b/user/info?id=1',1,'admin','::1','2019-12-18 18:11:53'),
	(535,'user','edit','/b/user/edit?id=1',1,'admin','::1','2019-12-18 18:11:58'),
	(536,'user','edit','/b/user/edit?id=1',1,'admin','::1','2019-12-18 18:12:01'),
	(537,'user','info','/b/user/info?id=1',1,'admin','::1','2019-12-18 18:12:32'),
	(538,'user','edit','/b/user/edit?id=1',1,'admin','::1','2019-12-18 18:12:35'),
	(539,'user','edit','/b/user/edit?id=1',1,'admin','::1','2019-12-18 18:12:58'),
	(540,'user','info','/b/user/info?id=1',1,'admin','::1','2019-12-18 18:13:00'),
	(541,'user','edit','/b/user/edit?id=1',1,'admin','::1','2019-12-18 18:13:04'),
	(542,'user','info','/b/user/info?id=1',1,'admin','::1','2019-12-18 18:36:42'),
	(543,'user','edit','/b/user/edit?id=1',1,'admin','::1','2019-12-18 18:36:44'),
	(544,'user','edit','/b/user/edit?id=1',1,'admin','::1','2019-12-18 18:36:49'),
	(545,'user','edit','/b/user/edit?id=1',1,'admin','::1','2019-12-18 18:36:57'),
	(546,'user','info','/b/user/info?id=1',1,'admin','::1','2019-12-18 18:36:59'),
	(547,'user','edit','/b/user/edit?id=1',1,'admin','::1','2019-12-18 18:44:29'),
	(548,'system','menulist','/b/system/menulist?menuid=16&&_=1576725212189',11,'test','::1','2019-12-19 11:13:32'),
	(549,'system','menulist','/b/system/menulist?grid=treegrid',11,'test','::1','2019-12-19 11:13:32'),
	(550,'system','loglist','/b/system/loglist?menuid=15&&_=1576725213083',11,'test','::1','2019-12-19 11:13:33'),
	(551,'system','loglist','/b/system/loglist?page=1&rows=10',11,'test','::1','2019-12-19 11:13:33'),
	(552,'system','menulist','/b/system/menulist?menuid=16&&_=1576725214634',11,'test','::1','2019-12-19 11:13:34'),
	(553,'system','loglist','/b/system/loglist?menuid=15&&_=1576725226329',11,'test','::1','2019-12-19 11:13:46'),
	(554,'system','loglist','/b/system/loglist?page=1&rows=10',11,'test','::1','2019-12-19 11:13:46'),
	(555,'system','log-delete','/b/system/log-delete',11,'test','::1','2019-12-19 11:13:47'),
	(556,'system','log-delete','/b/system/log-delete',11,'test','::1','2019-12-19 11:13:49'),
	(557,'system','menulist','/b/system/menulist?menuid=16&&_=1576725231739',11,'test','::1','2019-12-19 11:13:51'),
	(558,'system','menulist','/b/system/menulist?grid=treegrid',11,'test','::1','2019-12-19 11:13:51'),
	(559,'system','menulist','/b/system/menulist?menuid=16&&_=1576725330796',11,'test','::1','2019-12-19 11:15:30'),
	(560,'system','menulist','/b/system/menulist?grid=treegrid',11,'test','::1','2019-12-19 11:15:30'),
	(561,'system','loglist','/b/system/loglist?menuid=15&&_=1576725332130',11,'test','::1','2019-12-19 11:15:32'),
	(562,'system','loglist','/b/system/loglist?page=1&rows=10',11,'test','::1','2019-12-19 11:15:32'),
	(563,'system','menulist','/b/system/menulist?menuid=16&&_=1576725341158',11,'test','::1','2019-12-19 11:15:41'),
	(564,'system','menulist','/b/system/menulist?grid=treegrid',11,'test','::1','2019-12-19 11:15:41'),
	(565,'system','menulist','/b/system/menulist?menuid=16&&_=1576725374735',11,'test','::1','2019-12-19 11:16:14'),
	(566,'system','menulist','/b/system/menulist?grid=treegrid',11,'test','::1','2019-12-19 11:16:14'),
	(567,'system','loglist','/b/system/loglist?menuid=15&&_=1576725376018',11,'test','::1','2019-12-19 11:16:16'),
	(568,'system','loglist','/b/system/loglist?page=1&rows=10',11,'test','::1','2019-12-19 11:16:16'),
	(569,'system','menulist','/b/system/menulist?menuid=16&&_=1576725378527',11,'test','::1','2019-12-19 11:16:18'),
	(570,'system','loglist','/b/system/loglist?menuid=15&&_=1576725379971',11,'test','::1','2019-12-19 11:16:20'),
	(571,'system','log-delete','/b/system/log-delete',11,'test','::1','2019-12-19 11:16:22'),
	(572,'system','loglist','/b/system/loglist?menuid=15&&_=1576725448433',11,'test','::1','2019-12-19 11:17:28'),
	(573,'system','loglist','/b/system/loglist?page=1&rows=10',11,'test','::1','2019-12-19 11:17:29'),
	(574,'system','menulist','/b/system/menulist?menuid=16&&_=1576725455432',11,'test','::1','2019-12-19 11:17:35'),
	(575,'system','menulist','/b/system/menulist?grid=treegrid',11,'test','::1','2019-12-19 11:17:35'),
	(576,'system','menulist','/b/system/menulist?menuid=16&&_=1576727598372',11,'test','::1','2019-12-19 11:53:18'),
	(577,'system','menulist','/b/system/menulist?grid=treegrid',11,'test','::1','2019-12-19 11:53:18'),
	(578,'user','list','/b/user/list?menuid=56&&_=1576727630592',1,'admin','::1','2019-12-19 11:53:50'),
	(579,'user','list','/b/user/list?page=1&rows=10',1,'admin','::1','2019-12-19 11:53:51'),
	(580,'user','list','/b/user/list?menuid=56&&_=1576727637169',1,'admin','::1','2019-12-19 11:53:57'),
	(581,'admin','rolelist','/b/admin/rolelist?menuid=13&&_=1576727639037',1,'admin','::1','2019-12-19 11:53:59'),
	(582,'admin','rolelist','/b/admin/rolelist?grid=datagrid&page=1&rows=10',1,'admin','::1','2019-12-19 11:53:59'),
	(583,'admin','memberlist','/b/admin/memberlist?menuid=12&&_=1576727639661',1,'admin','::1','2019-12-19 11:53:59'),
	(584,'admin','memberlist','/b/admin/memberlist?grid=datagrid&page=1&rows=10',1,'admin','::1','2019-12-19 11:53:59'),
	(585,'admin','rolelist','/b/admin/rolelist?menuid=13&&_=1576727640229',1,'admin','::1','2019-12-19 11:54:00'),
	(586,'admin','memberlist','/b/admin/memberlist?menuid=12&&_=1576727640814',1,'admin','::1','2019-12-19 11:54:00'),
	(587,'admin','rolelist','/b/admin/rolelist?menuid=13&&_=1576727641296',1,'admin','::1','2019-12-19 11:54:01'),
	(588,'admin','memberlist','/b/admin/memberlist?menuid=12&&_=1576727642100',1,'admin','::1','2019-12-19 11:54:02'),
	(589,'system','menulist','/b/system/menulist?menuid=16&&_=1576727657251',1,'admin','::1','2019-12-19 11:54:17'),
	(590,'system','menulist','/b/system/menulist?grid=treegrid',1,'admin','::1','2019-12-19 11:54:17'),
	(591,'user','list','/b/user/list?menuid=56&&_=1576727660111',1,'admin','::1','2019-12-19 11:54:20'),
	(592,'user','list','/b/user/list?page=1&rows=10',1,'admin','::1','2019-12-19 11:54:20'),
	(593,'admin','memberlist','/b/admin/memberlist?menuid=12&&_=1576727661435',1,'admin','::1','2019-12-19 11:54:21'),
	(594,'admin','memberlist','/b/admin/memberlist?grid=datagrid&page=1&rows=10',1,'admin','::1','2019-12-19 11:54:21'),
	(595,'admin','rolelist','/b/admin/rolelist?menuid=13&&_=1576727662884',1,'admin','::1','2019-12-19 11:54:22'),
	(596,'admin','rolelist','/b/admin/rolelist?grid=datagrid&page=1&rows=10',1,'admin','::1','2019-12-19 11:54:23'),
	(597,'category','list','/b/category/list?menuid=36&&_=1576729574844',1,'admin','::1','2019-12-19 12:26:14'),
	(598,'category','list','/b/category/list?grid=treegrid',1,'admin','::1','2019-12-19 12:26:15'),
	(599,'user','list','/b/user/list?menuid=56&&_=1577354021893',1,'admin','::1','2019-12-26 17:53:41'),
	(600,'user','list','/b/user/list?page=1&rows=10',1,'admin','::1','2019-12-26 17:53:41'),
	(601,'admin','rolelist','/b/admin/rolelist?menuid=13&&_=1577354023829',1,'admin','::1','2019-12-26 17:53:43'),
	(602,'admin','rolelist','/b/admin/rolelist?grid=datagrid&page=1&rows=10',1,'admin','::1','2019-12-26 17:53:43'),
	(603,'admin','memberlist','/b/admin/memberlist?menuid=12&&_=1577354024548',1,'admin','::1','2019-12-26 17:53:44'),
	(604,'admin','memberlist','/b/admin/memberlist?grid=datagrid&page=1&rows=10',1,'admin','::1','2019-12-26 17:53:44'),
	(605,'setting','site','/b/setting/site?menuid=10&&_=1577354027099',1,'admin','::1','2019-12-26 17:53:47'),
	(606,'setting','site','/b/setting/site?grid=propertygrid',1,'admin','::1','2019-12-26 17:53:47'),
	(607,'wechat','userinfo','/b/wechat/userinfo?menuid=59&&_=1577354029336',1,'admin','::1','2019-12-26 17:53:49'),
	(608,'category','list','/b/category/list?menuid=36&&_=1577354036573',1,'admin','::1','2019-12-26 17:53:56'),
	(609,'category','list','/b/category/list?grid=treegrid',1,'admin','::1','2019-12-26 17:53:56'),
	(610,'content','index','/b/content/index?menuid=35&&_=1577354037417',1,'admin','::1','2019-12-26 17:53:57'),
	(611,'content','right','/b/content/right?_=1577354037436',1,'admin','::1','2019-12-26 17:53:57'),
	(612,'content','right','/b/content/right',1,'admin','::1','2019-12-26 17:53:57'),
	(613,'content','right','/b/content/right',1,'admin','::1','2019-12-26 17:53:57'),
	(614,'content','news-list','/b/content/news-list?catid=38&_=1577354041055',1,'admin','::1','2019-12-26 17:54:01'),
	(615,'content','news-list','/b/content/news-list?grid=datagrid&catid=38&page=1&rows=10',1,'admin','::1','2019-12-26 17:54:01'),
	(616,'content','news-list','/b/content/news-list?catid=37&_=1577354042129',1,'admin','::1','2019-12-26 17:54:02'),
	(617,'content','news-list','/b/content/news-list?grid=datagrid&catid=37&page=1&rows=10',1,'admin','::1','2019-12-26 17:54:02'),
	(618,'content','news-list','/b/content/news-list?catid=36&_=1577354043071',1,'admin','::1','2019-12-26 17:54:03'),
	(619,'content','news-list','/b/content/news-list?grid=datagrid&catid=36&page=1&rows=10',1,'admin','::1','2019-12-26 17:54:03'),
	(620,'content','news-list','/b/content/news-list?catid=35&_=1577354043887',1,'admin','::1','2019-12-26 17:54:03'),
	(621,'content','news-list','/b/content/news-list?grid=datagrid&catid=35&page=1&rows=10',1,'admin','::1','2019-12-26 17:54:03'),
	(622,'content','news-list','/b/content/news-list?catid=34&_=1577354044630',1,'admin','::1','2019-12-26 17:54:04'),
	(623,'content','news-list','/b/content/news-list?grid=datagrid&catid=34&page=1&rows=10',1,'admin','::1','2019-12-26 17:54:04'),
	(624,'content','news-list','/b/content/news-list?catid=32&_=1577354045476',1,'admin','::1','2019-12-26 17:54:05'),
	(625,'content','news-list','/b/content/news-list?grid=datagrid&catid=32&page=1&rows=10',1,'admin','::1','2019-12-26 17:54:05'),
	(626,'content','news-list','/b/content/news-list?catid=31&_=1577354046172',1,'admin','::1','2019-12-26 17:54:06'),
	(627,'content','news-list','/b/content/news-list?grid=datagrid&catid=31&page=1&rows=10',1,'admin','::1','2019-12-26 17:54:06'),
	(628,'content','news-list','/b/content/news-list?catid=33&_=1577354046802',1,'admin','::1','2019-12-26 17:54:06'),
	(629,'content','news-list','/b/content/news-list?grid=datagrid&catid=33&page=1&rows=10',1,'admin','::1','2019-12-26 17:54:06'),
	(630,'content','news-list','/b/content/news-list?catid=32&_=1577354047623',1,'admin','::1','2019-12-26 17:54:07'),
	(631,'content','news-list','/b/content/news-list?catid=34&_=1577354048471',1,'admin','::1','2019-12-26 17:54:08'),
	(632,'content','news-list','/b/content/news-list?catid=35&_=1577354049143',1,'admin','::1','2019-12-26 17:54:09'),
	(633,'content','news-list','/b/content/news-list?catid=36&_=1577354050686',1,'admin','::1','2019-12-26 17:54:10'),
	(634,'category','list','/b/category/list?menuid=36&&_=1577354085363',1,'admin','::1','2019-12-26 17:54:45'),
	(635,'category','list','/b/category/list?grid=treegrid',1,'admin','::1','2019-12-26 17:54:45'),
	(636,'content','index','/b/content/index?menuid=35&&_=1577354086340',1,'admin','::1','2019-12-26 17:54:46'),
	(637,'content','right','/b/content/right?_=1577354086360',1,'admin','::1','2019-12-26 17:54:46'),
	(638,'content','right','/b/content/right',1,'admin','::1','2019-12-26 17:54:46'),
	(639,'content','right','/b/content/right',1,'admin','::1','2019-12-26 17:54:46'),
	(640,'category','list','/b/category/list?menuid=36&&_=1577354087243',1,'admin','::1','2019-12-26 17:54:47'),
	(641,'content','index','/b/content/index?menuid=35&&_=1577354087971',1,'admin','::1','2019-12-26 17:54:47'),
	(642,'content','right','/b/content/right?_=1577354087991',1,'admin','::1','2019-12-26 17:54:48'),
	(643,'content','right','/b/content/right',1,'admin','::1','2019-12-26 17:54:48'),
	(644,'content','right','/b/content/right',1,'admin','::1','2019-12-26 17:54:48'),
	(645,'category','list','/b/category/list?menuid=36&&_=1577354089027',1,'admin','::1','2019-12-26 17:54:49'),
	(646,'content','index','/b/content/index?menuid=35&&_=1577354091931',1,'admin','::1','2019-12-26 17:54:51'),
	(647,'content','right','/b/content/right?_=1577354091951',1,'admin','::1','2019-12-26 17:54:51'),
	(648,'content','right','/b/content/right',1,'admin','::1','2019-12-26 17:54:51'),
	(649,'content','right','/b/content/right',1,'admin','::1','2019-12-26 17:54:51'),
	(650,'content','news-list','/b/content/news-list?catid=38&_=1577354093372',1,'admin','::1','2019-12-26 17:54:53'),
	(651,'content','news-list','/b/content/news-list?grid=datagrid&catid=38&page=1&rows=10',1,'admin','::1','2019-12-26 17:54:53'),
	(652,'content','news-list','/b/content/news-list?catid=35&_=1577354094757',1,'admin','::1','2019-12-26 17:54:54'),
	(653,'content','news-list','/b/content/news-list?grid=datagrid&catid=35&page=1&rows=10',1,'admin','::1','2019-12-26 17:54:54'),
	(654,'content','news-list','/b/content/news-list?catid=34&_=1577354095635',1,'admin','::1','2019-12-26 17:54:55'),
	(655,'content','news-list','/b/content/news-list?grid=datagrid&catid=34&page=1&rows=10',1,'admin','::1','2019-12-26 17:54:55'),
	(656,'setting','site','/b/setting/site?menuid=10&&_=1577354328045',1,'admin','::1','2019-12-26 17:58:48'),
	(657,'setting','site','/b/setting/site?grid=propertygrid',1,'admin','::1','2019-12-26 17:58:48'),
	(658,'user','list','/b/user/list?menuid=56&&_=1577354339897',1,'admin','::1','2019-12-26 17:58:59'),
	(659,'user','list','/b/user/list?page=1&rows=10',1,'admin','::1','2019-12-26 17:58:59'),
	(660,'setting','site','/b/setting/site?menuid=10&&_=1577354371390',1,'admin','::1','2019-12-26 17:59:31'),
	(661,'setting','site','/b/setting/site?grid=propertygrid',1,'admin','::1','2019-12-26 17:59:31'),
	(662,'wechat','userinfo','/b/wechat/userinfo?menuid=59&&_=1577354374126',1,'admin','::1','2019-12-26 17:59:34'),
	(663,'user','list','/b/user/list?menuid=56&&_=1577354376217',1,'admin','::1','2019-12-26 17:59:36'),
	(664,'user','list','/b/user/list?page=1&rows=10',1,'admin','::1','2019-12-26 17:59:36'),
	(665,'admin','rolelist','/b/admin/rolelist?menuid=13&&_=1577354377375',1,'admin','::1','2019-12-26 17:59:37'),
	(666,'admin','rolelist','/b/admin/rolelist?grid=datagrid&page=1&rows=10',1,'admin','::1','2019-12-26 17:59:37'),
	(667,'admin','memberlist','/b/admin/memberlist?menuid=12&&_=1577354377967',1,'admin','::1','2019-12-26 17:59:37'),
	(668,'admin','memberlist','/b/admin/memberlist?grid=datagrid&page=1&rows=10',1,'admin','::1','2019-12-26 17:59:38'),
	(669,'admin','rolelist','/b/admin/rolelist?menuid=13&&_=1577354378377',1,'admin','::1','2019-12-26 17:59:38'),
	(670,'admin','memberlist','/b/admin/memberlist?menuid=12&&_=1577354378849',1,'admin','::1','2019-12-26 17:59:38'),
	(671,'admin','rolelist','/b/admin/rolelist?menuid=13&&_=1577354379232',1,'admin','::1','2019-12-26 17:59:39'),
	(672,'admin','memberlist','/b/admin/memberlist?menuid=12&&_=1577354379560',1,'admin','::1','2019-12-26 17:59:39'),
	(673,'user','list','/b/user/list?menuid=56&&_=1577354427719',1,'admin','::1','2019-12-26 18:00:27'),
	(674,'user','list','/b/user/list?page=1&rows=10',1,'admin','::1','2019-12-26 18:00:27'),
	(675,'setting','site','/b/setting/site?menuid=10&&_=1577354428595',1,'admin','::1','2019-12-26 18:00:28'),
	(676,'setting','site','/b/setting/site?grid=propertygrid',1,'admin','::1','2019-12-26 18:00:28'),
	(677,'wechat','userinfo','/b/wechat/userinfo?menuid=59&&_=1577354429872',1,'admin','::1','2019-12-26 18:00:29'),
	(678,'system','menulist','/b/system/menulist?menuid=16&&_=1577354794313',1,'admin','::1','2019-12-26 18:06:34'),
	(679,'system','menulist','/b/system/menulist?grid=treegrid',1,'admin','::1','2019-12-26 18:06:34'),
	(680,'system','loglist','/b/system/loglist?menuid=15&&_=1577354795494',1,'admin','::1','2019-12-26 18:06:35'),
	(681,'system','loglist','/b/system/loglist?page=1&rows=10',1,'admin','::1','2019-12-26 18:06:35'),
	(682,'system','menulist','/b/system/menulist?menuid=16&&_=1577354796655',1,'admin','::1','2019-12-26 18:06:36'),
	(683,'wechat','userinfo','/b/wechat/userinfo?menuid=59&&_=1577354821681',1,'admin','::1','2019-12-26 18:07:01'),
	(684,'model','list','/b/model/list?menuid=62&&_=1577355016724',1,'admin','::1','2019-12-26 18:10:16'),
	(685,'model','list','/b/model/list?menuid=62&&_=1577355016724',1,'admin','::1','2019-12-26 18:11:11'),
	(686,'model','list','/b/model/list?menuid=62&&_=1577355546995',1,'admin','::1','2019-12-26 18:19:07'),
	(687,'model','list','/b/model/list?menuid=62&&_=1577355625299',1,'admin','::1','2019-12-26 18:20:25'),
	(688,'model','list','/b/model/list?menuid=62&&_=1577355670360',1,'admin','::1','2019-12-26 18:21:10'),
	(689,'model','list','/b/model/list?menuid=62&&_=1577355670360',1,'admin','::1','2019-12-26 18:22:20'),
	(690,'model','list','/b/model/list?menuid=62&&_=1577362012455',1,'admin','::1','2019-12-26 20:06:52'),
	(691,'model','list','/b/model/list?menuid=62&&_=1577362308478',1,'admin','::1','2019-12-26 20:11:48'),
	(692,'model','list','/b/model/list?menuid=62&&_=1577362398342',1,'admin','::1','2019-12-26 20:13:18'),
	(693,'user','list','/b/user/list?menuid=56&&_=1577362403335',1,'admin','::1','2019-12-26 20:13:23'),
	(694,'user','list','/b/user/list?page=1&rows=10',1,'admin','::1','2019-12-26 20:13:23'),
	(695,'model','list','/b/model/list?menuid=62&&_=1577362407638',1,'admin','::1','2019-12-26 20:13:27'),
	(696,'model','list','/b/model/list?menuid=62&&_=1577362434599',1,'admin','::1','2019-12-26 20:13:54'),
	(697,'model','list','/b/model/list?menuid=62&&_=1577362559428',1,'admin','::1','2019-12-26 20:15:59'),
	(698,'model','list','/b/model/list?page=1&rows=10',1,'admin','::1','2019-12-26 20:15:59'),
	(699,'model','list','/b/model/list?menuid=62&&_=1577362665473',1,'admin','::1','2019-12-26 20:17:45'),
	(700,'model','list','/b/model/list?page=1&rows=10',1,'admin','::1','2019-12-26 20:17:45'),
	(701,'model','list','/b/model/list?page=2&rows=10',1,'admin','::1','2019-12-26 20:17:47'),
	(702,'model','list','/b/model/list?page=3&rows=10',1,'admin','::1','2019-12-26 20:17:47'),
	(703,'model','list','/b/model/list?page=1&rows=40',1,'admin','::1','2019-12-26 20:18:45'),
	(704,'model','list','/b/model/list?page=1&rows=10',1,'admin','::1','2019-12-26 20:18:46'),
	(705,'model','list','/b/model/list?menuid=62&&_=1577362794145',1,'admin','::1','2019-12-26 20:19:54'),
	(706,'model','list','/b/model/list?page=1&rows=10',1,'admin','::1','2019-12-26 20:19:54'),
	(707,'model','list','/b/model/list?page=2&rows=10',1,'admin','::1','2019-12-26 20:19:59'),
	(708,'model','list','/b/model/list?page=3&rows=10',1,'admin','::1','2019-12-26 20:19:59'),
	(709,'model','list','/b/model/list?menuid=62&&_=1577362834322',1,'admin','::1','2019-12-26 20:20:34'),
	(710,'model','list','/b/model/list?menuid=62&&_=1577362881218',1,'admin','::1','2019-12-26 20:21:21'),
	(711,'model','list','/b/model/list?menuid=62&&_=1577362935230',1,'admin','127.0.0.1','2019-12-26 20:22:16'),
	(712,'model','list','/b/model/list?menuid=62&&_=1577362960587',1,'admin','::1','2019-12-26 20:22:40'),
	(713,'model','list','/b/model/list?menuid=62&&_=1577363078943',1,'admin','::1','2019-12-26 20:24:38'),
	(714,'model','list','/b/model/list?menuid=62&&_=1577363221102',1,'admin','::1','2019-12-26 20:27:01'),
	(715,'wechat','userinfo','/b/wechat/userinfo?menuid=59&&_=1577363222289',1,'admin','::1','2019-12-26 20:27:02'),
	(716,'setting','site','/b/setting/site?menuid=10&&_=1577363225374',1,'admin','::1','2019-12-26 20:27:05'),
	(717,'setting','site','/b/setting/site?grid=propertygrid',1,'admin','::1','2019-12-26 20:27:05'),
	(718,'model','list','/b/model/list?menuid=62&&_=1577363226647',1,'admin','::1','2019-12-26 20:27:06'),
	(719,'model','list','/b/model/list?menuid=62&&_=1577363351221',1,'admin','::1','2019-12-26 20:29:11'),
	(720,'model','list','/b/model/list?menuid=62&&_=1577363357582',1,'admin','::1','2019-12-26 20:29:17'),
	(721,'model','list','/b/model/list?menuid=62&&_=1577363384625',1,'admin','::1','2019-12-26 20:29:44'),
	(722,'model','list','/b/model/list?menuid=62&&_=1577363441763',1,'admin','::1','2019-12-26 20:30:41'),
	(723,'model','list','/b/model/list?page=1&rows=10',1,'admin','::1','2019-12-26 20:30:41'),
	(724,'model','list','/b/model/list?page=1&rows=10',1,'admin','::1','2019-12-26 20:32:55'),
	(725,'model','list','/b/model/list?menuid=62&&_=1577363595554',1,'admin','::1','2019-12-26 20:33:15'),
	(726,'model','list','/b/model/list?page=1&rows=10',1,'admin','::1','2019-12-26 20:33:15'),
	(727,'category','list','/b/category/list?menuid=36&&_=1577363609812',1,'admin','::1','2019-12-26 20:33:29'),
	(728,'category','list','/b/category/list?grid=treegrid',1,'admin','::1','2019-12-26 20:33:29'),
	(729,'content','index','/b/content/index?menuid=35&&_=1577363610701',1,'admin','::1','2019-12-26 20:33:30'),
	(730,'content','right','/b/content/right?_=1577363610753',1,'admin','::1','2019-12-26 20:33:30'),
	(731,'content','right','/b/content/right',1,'admin','::1','2019-12-26 20:33:30'),
	(732,'content','right','/b/content/right',1,'admin','::1','2019-12-26 20:33:30'),
	(733,'content','news-list','/b/content/news-list?catid=38&_=1577363612077',1,'admin','::1','2019-12-26 20:33:32'),
	(734,'content','news-list','/b/content/news-list?grid=datagrid&catid=38&page=1&rows=10',1,'admin','::1','2019-12-26 20:33:32'),
	(735,'content','news-list','/b/content/news-list?catid=37&_=1577363613530',1,'admin','::1','2019-12-26 20:33:33'),
	(736,'content','news-list','/b/content/news-list?grid=datagrid&catid=37&page=1&rows=10',1,'admin','::1','2019-12-26 20:33:33'),
	(737,'content','news-list','/b/content/news-list?catid=36&_=1577363614695',1,'admin','::1','2019-12-26 20:33:34'),
	(738,'content','news-list','/b/content/news-list?grid=datagrid&catid=36&page=1&rows=10',1,'admin','::1','2019-12-26 20:33:34'),
	(739,'content','add','/b/content/add?catid=36',1,'admin','::1','2019-12-26 20:33:36'),
	(740,'model','list','/b/model/list?menuid=62&&_=1577363692714',1,'admin','::1','2019-12-26 20:34:52'),
	(741,'model','list','/b/model/list?page=1&rows=10',1,'admin','::1','2019-12-26 20:34:52'),
	(742,'content','add','/b/content/add?catid=',1,'admin','::1','2019-12-26 20:34:55'),
	(743,'model','list','/b/model/list?menuid=62&&_=1577363724857',1,'admin','::1','2019-12-26 20:35:24'),
	(744,'model','list','/b/model/list?page=1&rows=10',1,'admin','::1','2019-12-26 20:35:24'),
	(745,'model','list','/b/model/list?menuid=62&&_=1577363844372',1,'admin','::1','2019-12-26 20:37:24'),
	(746,'model','list','/b/model/list?page=1&rows=10',1,'admin','::1','2019-12-26 20:37:24'),
	(747,'model','list','/b/model/list?menuid=62&&_=1577363882178',1,'admin','::1','2019-12-26 20:38:02'),
	(748,'model','list','/b/model/list?page=1&rows=10',1,'admin','::1','2019-12-26 20:38:02'),
	(749,'model','list','/b/model/list?menuid=62&&_=1577363929812',1,'admin','::1','2019-12-26 20:38:49'),
	(750,'model','list','/b/model/list?page=1&rows=10',1,'admin','::1','2019-12-26 20:38:49'),
	(751,'model','list','/b/model/list?menuid=62&&_=1577364013844',1,'admin','::1','2019-12-26 20:40:13'),
	(752,'model','list','/b/model/list?page=1&rows=10',1,'admin','::1','2019-12-26 20:40:14'),
	(753,'model','list','/b/model/list?menuid=62&&_=1577364045260',1,'admin','::1','2019-12-26 20:40:45'),
	(754,'model','list','/b/model/list?page=1&rows=10',1,'admin','::1','2019-12-26 20:40:45'),
	(755,'model','list','/b/model/list?menuid=62&&_=1577364082792',1,'admin','::1','2019-12-26 20:41:22'),
	(756,'model','list','/b/model/list?page=1&rows=10',1,'admin','::1','2019-12-26 20:41:22'),
	(757,'model','list','/b/model/list?menuid=62&&_=1577364092088',1,'admin','::1','2019-12-26 20:41:32'),
	(758,'wechat','userinfo','/b/wechat/userinfo?menuid=59&&_=1577364147224',1,'admin','::1','2019-12-26 20:42:27'),
	(759,'content','index','/b/content/index?menuid=35&&_=1577364154042',1,'admin','::1','2019-12-26 20:42:34'),
	(760,'content','right','/b/content/right?_=1577364154085',1,'admin','::1','2019-12-26 20:42:34'),
	(761,'content','right','/b/content/right',1,'admin','::1','2019-12-26 20:42:34'),
	(762,'content','right','/b/content/right',1,'admin','::1','2019-12-26 20:42:34'),
	(763,'category','list','/b/category/list?menuid=36&&_=1577364154964',1,'admin','::1','2019-12-26 20:42:34'),
	(764,'category','list','/b/category/list?grid=treegrid',1,'admin','::1','2019-12-26 20:42:35'),
	(765,'category','category-add','/b/category/category-add?parentid=0&_=1577364156415',1,'admin','::1','2019-12-26 20:42:36'),
	(766,'category','category-select','/b/category/category-select',1,'admin','::1','2019-12-26 20:42:36'),
	(767,'category','list','/b/category/list?menuid=36&&_=1577364264106',1,'admin','::1','2019-12-26 20:44:24'),
	(768,'category','list','/b/category/list?grid=treegrid',1,'admin','::1','2019-12-26 20:44:24'),
	(769,'content','index','/b/content/index?menuid=35&&_=1577364267671',1,'admin','::1','2019-12-26 20:44:27'),
	(770,'content','right','/b/content/right?_=1577364267719',1,'admin','::1','2019-12-26 20:44:27'),
	(771,'content','right','/b/content/right',1,'admin','::1','2019-12-26 20:44:27'),
	(772,'content','right','/b/content/right',1,'admin','::1','2019-12-26 20:44:27'),
	(773,'model','list','/b/model/list?menuid=62&&_=1577364273250',1,'admin','::1','2019-12-26 20:44:33'),
	(774,'model','list','/b/model/list?page=1&rows=10',1,'admin','::1','2019-12-26 20:44:33'),
	(775,'model','add','/b/model/add?_=1577364274576',1,'admin','::1','2019-12-26 20:44:34'),
	(776,'category','category-select','/b/category/category-select',1,'admin','::1','2019-12-26 20:44:34'),
	(777,'model','list','/b/model/list?menuid=62&&_=1577364589838',1,'admin','::1','2019-12-26 20:49:49'),
	(778,'model','list','/b/model/list?page=1&rows=10',1,'admin','::1','2019-12-26 20:49:49'),
	(779,'model','add','/b/model/add?_=1577364591388',1,'admin','::1','2019-12-26 20:49:51'),
	(780,'model','list','/b/model/list?menuid=62&&_=1577364605649',1,'admin','::1','2019-12-26 20:50:05'),
	(781,'model','list','/b/model/list?page=1&rows=10',1,'admin','::1','2019-12-26 20:50:05'),
	(782,'model','add','/b/model/add?_=1577364606703',1,'admin','::1','2019-12-26 20:50:06'),
	(783,'model','list','/b/model/list?menuid=62&&_=1577364609690',1,'admin','::1','2019-12-26 20:50:09'),
	(784,'model','add','/b/model/add?_=1577364610634',1,'admin','::1','2019-12-26 20:50:10'),
	(785,'model','list','/b/model/list?menuid=62&&_=1577364637005',1,'admin','::1','2019-12-26 20:50:37'),
	(786,'model','list','/b/model/list?page=1&rows=10',1,'admin','::1','2019-12-26 20:50:37'),
	(787,'model','add','/b/model/add?_=1577364639207',1,'admin','::1','2019-12-26 20:50:39'),
	(788,'model','list','/b/model/list?menuid=62&&_=1577364643281',1,'admin','::1','2019-12-26 20:50:43'),
	(789,'model','add','/b/model/add?_=1577364644038',1,'admin','::1','2019-12-26 20:50:44'),
	(790,'model','list','/b/model/list?menuid=62&&_=1577364714050',1,'admin','::1','2019-12-26 20:51:54'),
	(791,'model','list','/b/model/list?page=1&rows=10',1,'admin','::1','2019-12-26 20:51:54'),
	(792,'model','add','/b/model/add?_=1577364715276',1,'admin','::1','2019-12-26 20:51:55'),
	(793,'model','list','/b/model/list?menuid=62&&_=1577364861804',1,'admin','::1','2019-12-26 20:54:21'),
	(794,'model','list','/b/model/list?page=1&rows=10',1,'admin','::1','2019-12-26 20:54:21'),
	(795,'model','add','/b/model/add?_=1577364862959',1,'admin','::1','2019-12-26 20:54:22'),
	(796,'model','list','/b/model/list?menuid=62&&_=1577364994092',1,'admin','::1','2019-12-26 20:56:34'),
	(797,'model','list','/b/model/list?page=1&rows=10',1,'admin','::1','2019-12-26 20:56:34'),
	(798,'model','add','/b/model/add?_=1577364995179',1,'admin','::1','2019-12-26 20:56:35'),
	(799,'model','list','/b/model/list?menuid=62&&_=1577365040260',1,'admin','::1','2019-12-26 20:57:20'),
	(800,'model','list','/b/model/list?page=1&rows=10',1,'admin','::1','2019-12-26 20:57:20'),
	(801,'model','add','/b/model/add?_=1577365041640',1,'admin','::1','2019-12-26 20:57:21'),
	(802,'model','list','/b/model/list?menuid=62&&_=1577365176181',1,'admin','::1','2019-12-26 20:59:36'),
	(803,'model','list','/b/model/list?page=1&rows=10',1,'admin','::1','2019-12-26 20:59:36'),
	(804,'model','add','/b/model/add?_=1577365177420',1,'admin','::1','2019-12-26 20:59:37'),
	(805,'model','list','/b/model/list?menuid=62&&_=1577365187221',1,'admin','::1','2019-12-26 20:59:47'),
	(806,'model','list','/b/model/list?page=1&rows=10',1,'admin','::1','2019-12-26 20:59:47'),
	(807,'model','add','/b/model/add?_=1577365189292',1,'admin','::1','2019-12-26 20:59:49'),
	(808,'model','list','/b/model/list?menuid=62&&_=1577365243036',1,'admin','::1','2019-12-26 21:00:43'),
	(809,'model','list','/b/model/list?page=1&rows=10',1,'admin','::1','2019-12-26 21:00:43'),
	(810,'model','add','/b/model/add?_=1577365244823',1,'admin','::1','2019-12-26 21:00:44'),
	(811,'model','list','/b/model/list?menuid=62&&_=1577365272770',1,'admin','::1','2019-12-26 21:01:15'),
	(812,'model','list','/b/model/list?page=1&rows=10',1,'admin','::1','2019-12-26 21:01:15'),
	(813,'model','add','/b/model/add?_=1577365277321',1,'admin','::1','2019-12-26 21:01:17'),
	(814,'model','list','/b/model/list?page=1&rows=10',1,'admin','::1','2019-12-26 21:04:37'),
	(815,'model','add','/b/model/add?_=1577365479071',1,'admin','::1','2019-12-26 21:04:39'),
	(816,'model','list','/b/model/list?menuid=62&&_=1577365585595',1,'admin','::1','2019-12-26 21:06:25'),
	(817,'model','list','/b/model/list?page=1&rows=10',1,'admin','::1','2019-12-26 21:06:25'),
	(818,'model','add','/b/model/add?_=1577365586486',1,'admin','::1','2019-12-26 21:06:26'),
	(819,'model','list','/b/model/list?menuid=62&&_=1577365666476',1,'admin','::1','2019-12-26 21:07:46'),
	(820,'model','list','/b/model/list?page=1&rows=10',1,'admin','::1','2019-12-26 21:07:46'),
	(821,'model','add','/b/model/add?_=1577365667557',1,'admin','::1','2019-12-26 21:07:47'),
	(822,'model','list','/b/model/list?menuid=62&&_=1577365743981',1,'admin','::1','2019-12-26 21:09:03'),
	(823,'model','list','/b/model/list?page=1&rows=10',1,'admin','::1','2019-12-26 21:09:04'),
	(824,'model','add','/b/model/add?_=1577365745238',1,'admin','::1','2019-12-26 21:09:05'),
	(825,'model','list','/b/model/list?menuid=62&&_=1577365806063',1,'admin','::1','2019-12-26 21:10:06'),
	(826,'model','list','/b/model/list?page=1&rows=10',1,'admin','::1','2019-12-26 21:10:06'),
	(827,'model','add','/b/model/add?_=1577365807246',1,'admin','::1','2019-12-26 21:10:07'),
	(828,'model','list','/b/model/list?menuid=62&&_=1577365863587',1,'admin','::1','2019-12-26 21:11:03'),
	(829,'model','list','/b/model/list?page=1&rows=10',1,'admin','::1','2019-12-26 21:11:03'),
	(830,'model','add','/b/model/add?_=1577365864935',1,'admin','::1','2019-12-26 21:11:04'),
	(831,'model','list','/b/model/list?page=1&rows=10',1,'admin','::1','2019-12-26 21:14:36'),
	(832,'model','add','/b/model/add?_=1577366077599',1,'admin','::1','2019-12-26 21:14:37'),
	(833,'model','list','/b/model/list?menuid=62&&_=1577366097684',1,'admin','::1','2019-12-26 21:14:57'),
	(834,'model','list','/b/model/list?page=1&rows=10',1,'admin','::1','2019-12-26 21:14:57'),
	(835,'model','add','/b/model/add?_=1577366098798',1,'admin','::1','2019-12-26 21:14:58'),
	(836,'model','list','/b/model/list?page=1&rows=10',1,'admin','::1','2019-12-26 21:18:44'),
	(837,'model','add','/b/model/add?_=1577366325863',1,'admin','::1','2019-12-26 21:18:45'),
	(838,'model','list','/b/model/list?menuid=62&&_=1577366347612',1,'admin','::1','2019-12-26 21:19:07'),
	(839,'model','list','/b/model/list?page=1&rows=10',1,'admin','::1','2019-12-26 21:19:07'),
	(840,'model','add','/b/model/add?_=1577366348616',1,'admin','::1','2019-12-26 21:19:08'),
	(841,'model','list','/b/model/list?page=1&rows=10',1,'admin','::1','2019-12-26 21:22:53'),
	(842,'model','add','/b/model/add?_=1577366574289',1,'admin','::1','2019-12-26 21:22:54'),
	(843,'model','list','/b/model/list?menuid=62&&_=1577366626134',1,'admin','::1','2019-12-26 21:23:46'),
	(844,'model','list','/b/model/list?page=1&rows=10',1,'admin','::1','2019-12-26 21:23:46'),
	(845,'model','add','/b/model/add?_=1577366627400',1,'admin','::1','2019-12-26 21:23:47'),
	(846,'system','loglist','/b/system/loglist?menuid=15&&_=1577500832349',1,'admin','::1','2019-12-28 10:40:37'),
	(847,'system','loglist','/b/system/loglist?page=1&rows=NaN',1,'admin','::1','2019-12-28 10:40:37'),
	(848,'admin','memberlist','/b/admin/memberlist?menuid=12&&_=1577500832350',1,'admin','::1','2019-12-28 10:41:21'),
	(849,'admin','memberlist','/b/admin/memberlist?grid=datagrid&page=1&rows=NaN',1,'admin','::1','2019-12-28 10:41:22'),
	(850,'admin','rolelist','/b/admin/rolelist?menuid=13&&_=1577500832351',1,'admin','::1','2019-12-28 10:41:23'),
	(851,'admin','rolelist','/b/admin/rolelist?grid=datagrid&page=1&rows=NaN',1,'admin','::1','2019-12-28 10:41:23'),
	(852,'admin','memberlist','/b/admin/memberlist?menuid=12&&_=1577500832352',1,'admin','::1','2019-12-28 10:41:24'),
	(853,'admin','memberlist','/b/admin/memberlist?grid=datagrid&page=1&rows=NaN',1,'admin','::1','2019-12-28 10:41:24'),
	(854,'admin','rolelist','/b/admin/rolelist?menuid=13&&_=1577500832353',1,'admin','::1','2019-12-28 10:41:25'),
	(855,'admin','rolelist','/b/admin/rolelist?grid=datagrid&page=1&rows=NaN',1,'admin','::1','2019-12-28 10:41:25'),
	(856,'admin','memberlist','/b/admin/memberlist?menuid=12&&_=1577500832354',1,'admin','::1','2019-12-28 10:41:25'),
	(857,'admin','memberlist','/b/admin/memberlist?grid=datagrid&page=1&rows=NaN',1,'admin','::1','2019-12-28 10:41:25'),
	(858,'setting','site','/b/setting/site?menuid=10&&_=1577500832355',1,'admin','::1','2019-12-28 10:41:27'),
	(859,'setting','site','/b/setting/site?grid=propertygrid',1,'admin','::1','2019-12-28 10:41:27'),
	(860,'model','list','/b/model/list?menuid=62&&_=1577500832356',1,'admin','::1','2019-12-28 10:41:29'),
	(861,'model','list','/b/model/list?page=1&rows=NaN',1,'admin','::1','2019-12-28 10:41:29'),
	(862,'model','add','/b/model/add?_=1577500832357',1,'admin','::1','2019-12-28 10:41:30'),
	(863,'model','list','/b/model/list?page=1&rows=NaN',1,'admin','::1','2019-12-28 10:45:20'),
	(864,'model','add','/b/model/add?_=1577500832359',1,'admin','::1','2019-12-28 10:45:21'),
	(865,'model','list','/b/model/list?page=1&rows=NaN',1,'admin','::1','2019-12-28 10:47:50'),
	(866,'model','add','/b/model/add?_=1577500832361',1,'admin','::1','2019-12-28 10:47:51'),
	(867,'model','list','/b/model/list?menuid=62&&_=1577500832362',1,'admin','::1','2019-12-28 10:48:29'),
	(868,'model','list','/b/model/list?page=1&rows=NaN',1,'admin','::1','2019-12-28 10:48:29'),
	(869,'model','add','/b/model/add?_=1577500832363',1,'admin','::1','2019-12-28 10:48:29'),
	(870,'setting','site','/b/setting/site?menuid=10&&_=1577501359620',1,'admin','::1','2019-12-28 10:49:23'),
	(871,'setting','site','/b/setting/site?grid=propertygrid',1,'admin','::1','2019-12-28 10:49:23'),
	(872,'model','list','/b/model/list?menuid=62&&_=1577501359621',1,'admin','::1','2019-12-28 10:49:25'),
	(873,'model','list','/b/model/list?page=1&rows=NaN',1,'admin','::1','2019-12-28 10:49:25'),
	(874,'model','add','/b/model/add?_=1577501359622',1,'admin','::1','2019-12-28 10:49:26'),
	(875,'model','list','/b/model/list?menuid=62&&_=1577501404665',1,'admin','::1','2019-12-28 10:50:07'),
	(876,'model','list','/b/model/list?page=1&rows=NaN',1,'admin','::1','2019-12-28 10:50:07'),
	(877,'model','add','/b/model/add?_=1577501404666',1,'admin','::1','2019-12-28 10:50:08'),
	(878,'model','list','/b/model/list?menuid=62&&_=1577501404667',1,'admin','::1','2019-12-28 10:50:57'),
	(879,'model','list','/b/model/list?page=1&rows=NaN',1,'admin','::1','2019-12-28 10:50:57'),
	(880,'model','add','/b/model/add?_=1577501404668',1,'admin','::1','2019-12-28 10:50:58'),
	(881,'model','list','/b/model/list?page=1&rows=NaN',1,'admin','::1','2019-12-28 11:07:49'),
	(882,'model','add','/b/model/add?_=1577501404670',1,'admin','::1','2019-12-28 11:07:54'),
	(883,'model','list','/b/model/list?menuid=62&&_=1577501404671',1,'admin','::1','2019-12-28 11:09:30'),
	(884,'model','list','/b/model/list?page=1&rows=NaN',1,'admin','::1','2019-12-28 11:09:30'),
	(885,'model','add','/b/model/add?_=1577501404672',1,'admin','::1','2019-12-28 11:09:34'),
	(886,'model','list','/b/model/list?page=1&rows=NaN',1,'admin','::1','2019-12-28 11:11:37'),
	(887,'model','add','/b/model/add?_=1577501404674',1,'admin','::1','2019-12-28 11:11:38'),
	(888,'model','list','/b/model/list?menuid=62&&_=1577501404675',1,'admin','::1','2019-12-28 11:12:03'),
	(889,'model','list','/b/model/list?page=1&rows=NaN',1,'admin','::1','2019-12-28 11:12:03'),
	(890,'model','add','/b/model/add?_=1577501404676',1,'admin','::1','2019-12-28 11:12:04'),
	(891,'model','list','/b/model/list?menuid=62&&_=1577501404677',1,'admin','::1','2019-12-28 11:12:51'),
	(892,'model','list','/b/model/list?page=1&rows=NaN',1,'admin','::1','2019-12-28 11:12:51'),
	(893,'model','add','/b/model/add?_=1577501404678',1,'admin','::1','2019-12-28 11:12:52'),
	(894,'model','list','/b/model/list?menuid=62&&_=1577501404679',1,'admin','::1','2019-12-28 11:14:25'),
	(895,'model','list','/b/model/list?page=1&rows=NaN',1,'admin','::1','2019-12-28 11:14:25'),
	(896,'model','add','/b/model/add?_=1577501404680',1,'admin','::1','2019-12-28 11:14:26'),
	(897,'model','list','/b/model/list?page=1&rows=NaN',1,'admin','::1','2019-12-28 11:16:43'),
	(898,'model','add','/b/model/add?_=1577501404682',1,'admin','::1','2019-12-28 11:16:44'),
	(899,'model','list','/b/model/list?menuid=62&&_=1577501404683',1,'admin','::1','2019-12-28 11:17:02'),
	(900,'model','list','/b/model/list?page=1&rows=NaN',1,'admin','::1','2019-12-28 11:17:02'),
	(901,'model','add','/b/model/add?_=1577501404684',1,'admin','::1','2019-12-28 11:17:02'),
	(902,'model','list','/b/model/list?menuid=62&&_=1577501404685',1,'admin','::1','2019-12-28 11:17:25'),
	(903,'model','list','/b/model/list?page=1&rows=NaN',1,'admin','::1','2019-12-28 11:17:25'),
	(904,'model','add','/b/model/add?_=1577501404686',1,'admin','::1','2019-12-28 11:17:26'),
	(905,'model','list','/b/model/list?menuid=62&&_=1577501404687',1,'admin','::1','2019-12-28 11:18:37'),
	(906,'model','list','/b/model/list?page=1&rows=NaN',1,'admin','::1','2019-12-28 11:18:37'),
	(907,'model','add','/b/model/add?_=1577501404688',1,'admin','::1','2019-12-28 11:18:37'),
	(908,'model','list','/b/model/list?menuid=62&&_=1577503153477',1,'admin','::1','2019-12-28 11:19:18'),
	(909,'model','list','/b/model/list?page=1&rows=NaN',1,'admin','::1','2019-12-28 11:19:18'),
	(910,'model','add','/b/model/add?_=1577503153478',1,'admin','::1','2019-12-28 11:19:19'),
	(911,'model','list','/b/model/list?menuid=62&&_=1577503153479',1,'admin','::1','2019-12-28 11:20:24'),
	(912,'model','list','/b/model/list?page=1&rows=NaN',1,'admin','::1','2019-12-28 11:20:24'),
	(913,'model','add','/b/model/add?_=1577503153480',1,'admin','::1','2019-12-28 11:20:25'),
	(914,'model','list','/b/model/list?menuid=62&&_=1577503153481',1,'admin','::1','2019-12-28 11:21:21'),
	(915,'model','list','/b/model/list?page=1&rows=NaN',1,'admin','::1','2019-12-28 11:21:21'),
	(916,'model','add','/b/model/add?_=1577503153482',1,'admin','::1','2019-12-28 11:21:22'),
	(917,'model','list','/b/model/list?menuid=62&&_=1577503153483',1,'admin','::1','2019-12-28 11:21:44'),
	(918,'model','list','/b/model/list?page=1&rows=NaN',1,'admin','::1','2019-12-28 11:21:44'),
	(919,'model','add','/b/model/add?_=1577503153484',1,'admin','::1','2019-12-28 11:21:45'),
	(920,'model','list','/b/model/list?page=1&rows=NaN',1,'admin','::1','2019-12-28 11:24:09'),
	(921,'model','add','/b/model/add?_=1577503153486',1,'admin','::1','2019-12-28 11:24:10'),
	(922,'model','list','/b/model/list?menuid=62&&_=1577503153487',1,'admin','::1','2019-12-28 11:25:32'),
	(923,'model','list','/b/model/list?page=1&rows=NaN',1,'admin','::1','2019-12-28 11:25:32'),
	(924,'model','add','/b/model/add?_=1577503153488',1,'admin','::1','2019-12-28 11:25:32'),
	(925,'model','list','/b/model/list?menuid=62&&_=1577503153489',1,'admin','::1','2019-12-28 11:26:07'),
	(926,'model','list','/b/model/list?page=1&rows=NaN',1,'admin','::1','2019-12-28 11:26:07'),
	(927,'model','add','/b/model/add?_=1577503153490',1,'admin','::1','2019-12-28 11:26:07'),
	(928,'model','list','/b/model/list?menuid=62&&_=1577503153491',1,'admin','::1','2019-12-28 11:26:21'),
	(929,'model','list','/b/model/list?page=1&rows=NaN',1,'admin','::1','2019-12-28 11:26:21'),
	(930,'model','add','/b/model/add?_=1577503153492',1,'admin','::1','2019-12-28 11:26:22'),
	(931,'model','list','/b/model/list?menuid=62&&_=1577503153493',1,'admin','::1','2019-12-28 11:26:38'),
	(932,'model','list','/b/model/list?page=1&rows=NaN',1,'admin','::1','2019-12-28 11:26:38'),
	(933,'model','add','/b/model/add?_=1577503153494',1,'admin','::1','2019-12-28 11:26:38'),
	(934,'model','list','/b/model/list?menuid=62&&_=1577503153495',1,'admin','::1','2019-12-28 11:27:09'),
	(935,'model','list','/b/model/list?page=1&rows=NaN',1,'admin','::1','2019-12-28 11:27:09'),
	(936,'model','add','/b/model/add?_=1577503153496',1,'admin','::1','2019-12-28 11:27:09'),
	(937,'model','list','/b/model/list?menuid=62&&_=1577503153497',1,'admin','::1','2019-12-28 11:28:36'),
	(938,'model','list','/b/model/list?page=1&rows=NaN',1,'admin','::1','2019-12-28 11:28:37'),
	(939,'model','add','/b/model/add?_=1577503153498',1,'admin','::1','2019-12-28 11:28:37'),
	(940,'model','list','/b/model/list?menuid=62&&_=1577503153499',1,'admin','::1','2019-12-28 11:29:17'),
	(941,'model','list','/b/model/list?page=1&rows=NaN',1,'admin','::1','2019-12-28 11:29:17'),
	(942,'model','add','/b/model/add?_=1577503153500',1,'admin','::1','2019-12-28 11:29:18'),
	(943,'model','list','/b/model/list?menuid=62&&_=1577503153501',1,'admin','::1','2019-12-28 11:30:07'),
	(944,'model','list','/b/model/list?page=1&rows=NaN',1,'admin','::1','2019-12-28 11:30:07'),
	(945,'model','add','/b/model/add?_=1577503153502',1,'admin','::1','2019-12-28 11:30:07'),
	(946,'model','list','/b/model/list?menuid=62&&_=1577503153503',1,'admin','::1','2019-12-28 11:30:54'),
	(947,'model','list','/b/model/list?page=1&rows=NaN',1,'admin','::1','2019-12-28 11:30:54'),
	(948,'model','add','/b/model/add?_=1577503153504',1,'admin','::1','2019-12-28 11:30:54'),
	(949,'model','list','/b/model/list?menuid=62&&_=1577503153505',1,'admin','::1','2019-12-28 11:32:41'),
	(950,'model','list','/b/model/list?page=1&rows=NaN',1,'admin','::1','2019-12-28 11:32:41'),
	(951,'model','add','/b/model/add?_=1577503153506',1,'admin','::1','2019-12-28 11:32:42'),
	(952,'model','list','/b/model/list?menuid=62&&_=1577503153507',1,'admin','::1','2019-12-28 11:33:27'),
	(953,'model','list','/b/model/list?page=1&rows=NaN',1,'admin','::1','2019-12-28 11:33:27'),
	(954,'model','add','/b/model/add?_=1577503153508',1,'admin','::1','2019-12-28 11:33:27'),
	(955,'model','list','/b/model/list?menuid=62&&_=1577503153509',1,'admin','::1','2019-12-28 11:34:04'),
	(956,'model','list','/b/model/list?page=1&rows=NaN',1,'admin','::1','2019-12-28 11:34:04'),
	(957,'model','add','/b/model/add?_=1577503153510',1,'admin','::1','2019-12-28 11:34:05'),
	(958,'user','list','/b/user/list?menuid=56&&_=1577504086299',1,'admin','::1','2019-12-28 11:34:48'),
	(959,'user','list','/b/user/list?page=1&rows=NaN',1,'admin','::1','2019-12-28 11:34:49'),
	(960,'model','list','/b/model/list?menuid=62&&_=1577504086300',1,'admin','::1','2019-12-28 11:34:50'),
	(961,'model','list','/b/model/list?page=1&rows=NaN',1,'admin','::1','2019-12-28 11:34:50'),
	(962,'model','add','/b/model/add?_=1577504086301',1,'admin','::1','2019-12-28 11:34:51'),
	(963,'model','list','/b/model/list?menuid=62&&_=1577504086302',1,'admin','::1','2019-12-28 11:35:37'),
	(964,'model','list','/b/model/list?page=1&rows=NaN',1,'admin','::1','2019-12-28 11:35:37'),
	(965,'model','add','/b/model/add?_=1577504086303',1,'admin','::1','2019-12-28 11:35:38'),
	(966,'model','add','/b/model/add',1,'admin','::1','2020-01-02 09:44:42'),
	(967,'model','list','/b/model/list?menuid=62&&_=1577804860285',1,'admin','::1','2020-01-02 09:46:16'),
	(968,'model','list','/b/model/list?page=1&rows=NaN',1,'admin','::1','2020-01-02 09:46:16'),
	(969,'model','add','/b/model/add?_=1577804860286',1,'admin','::1','2020-01-02 09:46:17'),
	(970,'model','list','/b/model/list?menuid=62&&_=1577804860287',1,'admin','::1','2020-01-02 09:46:21'),
	(971,'model','list','/b/model/list?page=1&rows=NaN',1,'admin','::1','2020-01-02 09:46:21'),
	(972,'model','add','/b/model/add?_=1577804860288',1,'admin','::1','2020-01-02 09:46:21'),
	(973,'model','list','/b/model/list?menuid=62&&_=1577804860289',1,'admin','::1','2020-01-02 09:46:26'),
	(974,'model','list','/b/model/list?page=1&rows=NaN',1,'admin','::1','2020-01-02 09:46:26'),
	(975,'model','add','/b/model/add?_=1577804860290',1,'admin','::1','2020-01-02 09:46:28'),
	(976,'model','list','/b/model/list?menuid=62&&_=1577804860291',1,'admin','::1','2020-01-02 09:48:18'),
	(977,'model','list','/b/model/list?page=1&rows=NaN',1,'admin','::1','2020-01-02 09:48:18'),
	(978,'model','add','/b/model/add?_=1577804860292',1,'admin','::1','2020-01-02 09:48:19'),
	(979,'model','list','/b/model/list?menuid=62&&_=1577804860293',1,'admin','::1','2020-01-02 09:48:46'),
	(980,'model','list','/b/model/list?page=1&rows=NaN',1,'admin','::1','2020-01-02 09:48:46'),
	(981,'model','add','/b/model/add?_=1577804860294',1,'admin','::1','2020-01-02 09:48:47'),
	(982,'model','list','/b/model/list?menuid=62&&_=1577804860295',1,'admin','::1','2020-01-02 09:51:52'),
	(983,'model','list','/b/model/list?page=1&rows=NaN',1,'admin','::1','2020-01-02 09:51:52'),
	(984,'model','add','/b/model/add?_=1577804860296',1,'admin','::1','2020-01-02 09:51:53'),
	(985,'model','list','/b/model/list?menuid=62&&_=1577804860297',1,'admin','::1','2020-01-02 09:52:16'),
	(986,'model','list','/b/model/list?page=1&rows=NaN',1,'admin','::1','2020-01-02 09:52:16'),
	(987,'model','add','/b/model/add?_=1577804860298',1,'admin','::1','2020-01-02 09:52:17'),
	(988,'model','list','/b/model/list?menuid=62&&_=1577804860299',1,'admin','::1','2020-01-02 09:55:15'),
	(989,'model','list','/b/model/list?page=1&rows=NaN',1,'admin','::1','2020-01-02 09:55:15'),
	(990,'model','add','/b/model/add?_=1577804860300',1,'admin','::1','2020-01-02 09:55:16'),
	(991,'model','list','/b/model/list?menuid=62&&_=1577804860301',1,'admin','::1','2020-01-02 09:55:56'),
	(992,'model','list','/b/model/list?page=1&rows=NaN',1,'admin','::1','2020-01-02 09:55:56'),
	(993,'model','add','/b/model/add?_=1577804860302',1,'admin','::1','2020-01-02 09:55:57'),
	(994,'model','list','/b/model/list?menuid=62&&_=1577804860303',1,'admin','::1','2020-01-02 09:56:20'),
	(995,'model','list','/b/model/list?page=1&rows=NaN',1,'admin','::1','2020-01-02 09:56:20'),
	(996,'model','add','/b/model/add?_=1577804860304',1,'admin','::1','2020-01-02 09:56:21'),
	(997,'model','list','/b/model/list?menuid=62&&_=1577804860305',1,'admin','::1','2020-01-02 09:57:08'),
	(998,'model','list','/b/model/list?page=1&rows=NaN',1,'admin','::1','2020-01-02 09:57:08'),
	(999,'model','add','/b/model/add?_=1577804860306',1,'admin','::1','2020-01-02 09:57:09'),
	(1000,'model','list','/b/model/list?menuid=62&&_=1577804860307',1,'admin','::1','2020-01-02 09:57:27'),
	(1001,'model','list','/b/model/list?page=1&rows=NaN',1,'admin','::1','2020-01-02 09:57:28'),
	(1002,'model','add','/b/model/add?_=1577804860308',1,'admin','::1','2020-01-02 09:57:28'),
	(1003,'model','list','/b/model/list?menuid=62&&_=1577804860309',1,'admin','::1','2020-01-02 10:01:28'),
	(1004,'model','list','/b/model/list?page=1&rows=NaN',1,'admin','::1','2020-01-02 10:01:28'),
	(1005,'model','add','/b/model/add?_=1577804860310',1,'admin','::1','2020-01-02 10:01:29'),
	(1006,'model','list','/b/model/list?menuid=62&&_=1577804860311',1,'admin','::1','2020-01-02 10:04:21'),
	(1007,'model','list','/b/model/list?page=1&rows=NaN',1,'admin','::1','2020-01-02 10:04:21'),
	(1008,'model','add','/b/model/add?_=1577804860312',1,'admin','::1','2020-01-02 10:04:22'),
	(1009,'model','list','/b/model/list?menuid=62&&_=1577804860313',1,'admin','::1','2020-01-02 10:08:09'),
	(1010,'model','list','/b/model/list?page=1&rows=NaN',1,'admin','::1','2020-01-02 10:08:10'),
	(1011,'model','add','/b/model/add?_=1577804860314',1,'admin','::1','2020-01-02 10:08:20'),
	(1012,'model','list','/b/model/list?menuid=62&&_=1577804860315',1,'admin','::1','2020-01-02 10:08:46'),
	(1013,'model','list','/b/model/list?page=1&rows=NaN',1,'admin','::1','2020-01-02 10:08:46'),
	(1014,'model','add','/b/model/add?_=1577804860316',1,'admin','::1','2020-01-02 10:08:47'),
	(1015,'model','list','/b/model/list?menuid=62&&_=1577804860317',1,'admin','::1','2020-01-02 10:11:10'),
	(1016,'model','list','/b/model/list?page=1&rows=NaN',1,'admin','::1','2020-01-02 10:11:10'),
	(1017,'model','add','/b/model/add?_=1577804860318',1,'admin','::1','2020-01-02 10:11:11'),
	(1018,'model','list','/b/model/list?menuid=62&&_=1577804860319',1,'admin','::1','2020-01-02 10:12:35'),
	(1019,'model','list','/b/model/list?page=1&rows=NaN',1,'admin','::1','2020-01-02 10:12:35'),
	(1020,'model','add','/b/model/add?_=1577804860320',1,'admin','::1','2020-01-02 10:12:35'),
	(1021,'model','list','/b/model/list?menuid=62&&_=1577804860321',1,'admin','::1','2020-01-02 10:12:54'),
	(1022,'model','list','/b/model/list?page=1&rows=NaN',1,'admin','::1','2020-01-02 10:12:54'),
	(1023,'model','add','/b/model/add?_=1577804860322',1,'admin','::1','2020-01-02 10:12:55'),
	(1024,'model','list','/b/model/list?menuid=62&&_=1577804860323',1,'admin','::1','2020-01-02 10:29:05'),
	(1025,'model','list','/b/model/list?page=1&rows=NaN',1,'admin','::1','2020-01-02 10:29:06'),
	(1026,'model','add','/b/model/add?_=1577804860324',1,'admin','::1','2020-01-02 10:31:57'),
	(1027,'model','add','/b/model/add',1,'admin','::1','2020-01-02 10:33:15'),
	(1028,'model','add','/b/model/add',1,'admin','::1','2020-01-02 10:33:26'),
	(1029,'model','add','/b/model/add',1,'admin','::1','2020-01-02 10:35:13'),
	(1030,'model','list','/b/model/list?menuid=62&&_=1577804860325',1,'admin','::1','2020-01-02 10:41:41'),
	(1031,'model','list','/b/model/list?page=1&rows=NaN',1,'admin','::1','2020-01-02 10:41:41'),
	(1032,'model','add','/b/model/add?_=1577804860326',1,'admin','::1','2020-01-02 10:41:44'),
	(1033,'model','add','/b/model/add',1,'admin','::1','2020-01-02 10:42:21'),
	(1034,'model','add','/b/model/add',1,'admin','::1','2020-01-02 10:42:24'),
	(1035,'model','add','/b/model/add',1,'admin','::1','2020-01-02 10:43:55'),
	(1036,'model','add','/b/model/add',1,'admin','::1','2020-01-02 10:43:55'),
	(1037,'model','list','/b/model/list?menuid=62&&_=1577804860327',1,'admin','::1','2020-01-02 10:44:09'),
	(1038,'model','list','/b/model/list?page=1&rows=NaN',1,'admin','::1','2020-01-02 10:44:09'),
	(1039,'model','add','/b/model/add?_=1577804860328',1,'admin','::1','2020-01-02 10:44:12'),
	(1040,'model','add','/b/model/add',1,'admin','::1','2020-01-02 10:44:27'),
	(1041,'model','add','/b/model/add',1,'admin','::1','2020-01-02 10:44:30'),
	(1042,'model','add','/b/model/add',1,'admin','::1','2020-01-02 10:50:25'),
	(1043,'model','add','/b/model/add',1,'admin','::1','2020-01-02 10:50:29'),
	(1044,'model','add','/b/model/add',1,'admin','::1','2020-01-02 10:51:37'),
	(1045,'model','add','/b/model/add',1,'admin','::1','2020-01-02 10:51:41'),
	(1046,'model','add','/b/model/add',1,'admin','::1','2020-01-02 10:51:59'),
	(1047,'model','add','/b/model/add',1,'admin','::1','2020-01-02 10:52:00'),
	(1048,'model','add','/b/model/add',1,'admin','::1','2020-01-02 10:52:02'),
	(1049,'model','add','/b/model/add',1,'admin','::1','2020-01-02 10:52:07'),
	(1050,'model','add','/b/model/add',1,'admin','::1','2020-01-02 10:52:16'),
	(1051,'model','add','/b/model/add',1,'admin','::1','2020-01-02 10:52:20'),
	(1052,'model','list','/b/model/list?menuid=62&&_=1577804860329',1,'admin','::1','2020-01-02 10:57:22'),
	(1053,'model','list','/b/model/list?page=1&rows=NaN',1,'admin','::1','2020-01-02 10:57:22'),
	(1054,'model','add','/b/model/add?_=1577804860330',1,'admin','::1','2020-01-02 10:57:23'),
	(1055,'model','add','/b/model/add',1,'admin','::1','2020-01-02 11:09:40'),
	(1056,'model','add','/b/model/add',1,'admin','::1','2020-01-02 11:09:45'),
	(1057,'model','add','/b/model/add',1,'admin','::1','2020-01-02 11:09:45'),
	(1058,'model','add','/b/model/add',1,'admin','::1','2020-01-02 11:09:45'),
	(1059,'model','add','/b/model/add',1,'admin','::1','2020-01-02 11:09:46'),
	(1060,'model','add','/b/model/add',1,'admin','::1','2020-01-02 11:09:46'),
	(1061,'model','add','/b/model/add',1,'admin','::1','2020-01-02 11:09:46'),
	(1062,'model','add','/b/model/add',1,'admin','::1','2020-01-02 11:09:46'),
	(1063,'model','add','/b/model/add',1,'admin','::1','2020-01-02 11:09:46'),
	(1064,'model','add','/b/model/add',1,'admin','::1','2020-01-02 11:09:47'),
	(1065,'model','add','/b/model/add',1,'admin','::1','2020-01-02 11:09:47'),
	(1066,'model','add','/b/model/add',1,'admin','::1','2020-01-02 11:09:48'),
	(1067,'model','add','/b/model/add',1,'admin','::1','2020-01-02 11:09:48'),
	(1068,'model','add','/b/model/add',1,'admin','::1','2020-01-02 11:09:48'),
	(1069,'model','add','/b/model/add',1,'admin','::1','2020-01-02 11:09:48'),
	(1070,'model','add','/b/model/add',1,'admin','::1','2020-01-02 11:09:49'),
	(1071,'model','add','/b/model/add',1,'admin','::1','2020-01-02 11:09:49'),
	(1072,'model','add','/b/model/add',1,'admin','::1','2020-01-02 11:09:49'),
	(1073,'model','add','/b/model/add',1,'admin','::1','2020-01-02 11:09:49'),
	(1074,'model','add','/b/model/add',1,'admin','::1','2020-01-02 11:09:50'),
	(1075,'model','add','/b/model/add',1,'admin','::1','2020-01-02 11:09:50'),
	(1076,'model','add','/b/model/add',1,'admin','::1','2020-01-02 11:09:50'),
	(1077,'model','add','/b/model/add',1,'admin','::1','2020-01-02 11:09:50'),
	(1078,'model','add','/b/model/add',1,'admin','::1','2020-01-02 11:09:51'),
	(1079,'model','add','/b/model/add',1,'admin','::1','2020-01-02 11:09:51'),
	(1080,'model','add','/b/model/add',1,'admin','::1','2020-01-02 11:09:51'),
	(1081,'model','add','/b/model/add',1,'admin','::1','2020-01-02 11:09:51'),
	(1082,'model','add','/b/model/add',1,'admin','::1','2020-01-02 11:09:51'),
	(1083,'model','add','/b/model/add',1,'admin','::1','2020-01-02 11:09:52'),
	(1084,'model','add','/b/model/add',1,'admin','::1','2020-01-02 11:09:53'),
	(1085,'model','add','/b/model/add',1,'admin','::1','2020-01-02 11:09:53'),
	(1086,'model','add','/b/model/add',1,'admin','::1','2020-01-02 11:09:53'),
	(1087,'model','add','/b/model/add',1,'admin','::1','2020-01-02 11:09:53'),
	(1088,'model','add','/b/model/add',1,'admin','::1','2020-01-02 11:10:19'),
	(1089,'model','add','/b/model/add',1,'admin','::1','2020-01-02 11:10:43'),
	(1090,'model','add','/b/model/add',1,'admin','::1','2020-01-02 11:13:37'),
	(1091,'model','add','/b/model/add',1,'admin','::1','2020-01-02 11:13:40'),
	(1092,'model','add','/b/model/add',1,'admin','::1','2020-01-02 11:14:07'),
	(1093,'model','add','/b/model/add',1,'admin','::1','2020-01-02 11:14:31'),
	(1094,'model','list','/b/model/list?menuid=62&&_=1577804860331',1,'admin','::1','2020-01-02 11:15:20'),
	(1095,'model','list','/b/model/list?page=1&rows=NaN',1,'admin','::1','2020-01-02 11:15:20'),
	(1096,'model','add','/b/model/add?_=1577804860332',1,'admin','::1','2020-01-02 11:15:21'),
	(1097,'model','add','/b/model/add',1,'admin','::1','2020-01-02 11:15:26'),
	(1098,'model','list','/b/model/list?menuid=62&&_=1577935225298',1,'admin','::1','2020-01-02 11:20:28'),
	(1099,'model','list','/b/model/list?page=1&rows=NaN',1,'admin','::1','2020-01-02 11:20:28'),
	(1100,'model','add','/b/model/add?_=1577935225299',1,'admin','::1','2020-01-02 11:20:29'),
	(1101,'model','list','/b/model/list?menuid=62&&_=1577935225300',1,'admin','::1','2020-01-02 11:22:07'),
	(1102,'model','list','/b/model/list?page=1&rows=NaN',1,'admin','::1','2020-01-02 11:22:07'),
	(1103,'model','add','/b/model/add?_=1577935225301',1,'admin','::1','2020-01-02 11:22:08'),
	(1104,'model','add','/b/model/add',1,'admin','::1','2020-01-02 11:22:18'),
	(1105,'model','list','/b/model/list?menuid=62&&_=1577935351791',1,'admin','::1','2020-01-02 11:22:36'),
	(1106,'model','list','/b/model/list?page=1&rows=NaN',1,'admin','::1','2020-01-02 11:22:36'),
	(1107,'model','list','/b/model/list?page=1&rows=NaN',1,'admin','::1','2020-01-02 11:23:40'),
	(1108,'model','list','/b/model/list?page=1&rows=NaN',1,'admin','::1','2020-01-02 11:23:41'),
	(1109,'model','list','/b/model/list?page=1&rows=NaN',1,'admin','::1','2020-01-02 11:23:41'),
	(1110,'model','list','/b/model/list?page=1&rows=NaN',1,'admin','::1','2020-01-02 11:23:41'),
	(1111,'content','index','/b/content/index?menuid=35&&_=1577935351792',1,'admin','::1','2020-01-02 11:24:33'),
	(1112,'content','right','/b/content/right?_=1577935351793',1,'admin','::1','2020-01-02 11:24:33'),
	(1113,'content','right','/b/content/right',1,'admin','::1','2020-01-02 11:24:33'),
	(1114,'content','right','/b/content/right',1,'admin','::1','2020-01-02 11:24:33'),
	(1115,'category','list','/b/category/list?menuid=36&&_=1577935351795',1,'admin','::1','2020-01-02 11:24:34'),
	(1116,'category','list','/b/category/list?grid=treegrid',1,'admin','::1','2020-01-02 11:24:34'),
	(1117,'content','index','/b/content/index?menuid=35&&_=1577935351796',1,'admin','::1','2020-01-02 11:24:35'),
	(1118,'content','right','/b/content/right?_=1577935351797',1,'admin','::1','2020-01-02 11:24:35'),
	(1119,'content','right','/b/content/right',1,'admin','::1','2020-01-02 11:24:35'),
	(1120,'content','right','/b/content/right',1,'admin','::1','2020-01-02 11:24:35'),
	(1121,'category','list','/b/category/list?menuid=36&&_=1577935351799',1,'admin','::1','2020-01-02 11:24:36'),
	(1122,'category','list','/b/category/list?grid=treegrid',1,'admin','::1','2020-01-02 11:24:36'),
	(1123,'model','list','/b/model/list?menuid=62&&_=1577935351800',1,'admin','::1','2020-01-02 11:25:55'),
	(1124,'model','list','/b/model/list?page=1&rows=NaN',1,'admin','::1','2020-01-02 11:25:55'),
	(1125,'model','list','/b/model/list?page=1&rows=NaN',1,'admin','::1','2020-01-02 11:29:37'),
	(1126,'model','list','/b/model/list?page=1&rows=NaN',1,'admin','::1','2020-01-02 11:29:37'),
	(1127,'model','list','/b/model/list?page=1&rows=NaN',1,'admin','::1','2020-01-02 11:29:37'),
	(1128,'model','list','/b/model/list?page=1&rows=NaN',1,'admin','::1','2020-01-02 11:29:39'),
	(1129,'model','list','/b/model/list?page=1&rows=NaN',1,'admin','::1','2020-01-02 11:29:39'),
	(1130,'model','list','/b/model/list?page=1&rows=NaN',1,'admin','::1','2020-01-02 11:29:39'),
	(1131,'model','list','/b/model/list?page=1&rows=NaN',1,'admin','::1','2020-01-02 11:29:39'),
	(1132,'model','list','/b/model/list?page=1&rows=NaN',1,'admin','::1','2020-01-02 11:29:39'),
	(1133,'model','list','/b/model/list?page=1&rows=NaN',1,'admin','::1','2020-01-02 11:29:39'),
	(1134,'model','list','/b/model/list?page=1&rows=NaN',1,'admin','::1','2020-01-02 11:29:40'),
	(1135,'model','list','/b/model/list?page=1&rows=NaN',1,'admin','::1','2020-01-02 11:29:40'),
	(1136,'model','list','/b/model/list?page=1&rows=NaN',1,'admin','::1','2020-01-02 11:29:40'),
	(1137,'model','list','/b/model/list?page=1&rows=NaN',1,'admin','::1','2020-01-02 11:29:40'),
	(1138,'wechat','userinfo','/b/wechat/userinfo?menuid=59&&_=1577935351801',1,'admin','::1','2020-01-02 11:30:52'),
	(1139,'system','menulist','/b/system/menulist?menuid=16&&_=1577935351802',1,'admin','::1','2020-01-02 11:31:00'),
	(1140,'system','menulist','/b/system/menulist?grid=treegrid',1,'admin','::1','2020-01-02 11:31:00'),
	(1141,'system','loglist','/b/system/loglist?menuid=15&&_=1577935351803',1,'admin','::1','2020-01-02 11:31:01'),
	(1142,'system','loglist','/b/system/loglist?page=1&rows=NaN',1,'admin','::1','2020-01-02 11:31:01'),
	(1143,'system','menulist','/b/system/menulist?menuid=16&&_=1577935351804',1,'admin','::1','2020-01-02 11:31:04'),
	(1144,'system','menulist','/b/system/menulist?grid=treegrid',1,'admin','::1','2020-01-02 11:31:04'),
	(1145,'system','loglist','/b/system/loglist?menuid=15&&_=1577935351805',1,'admin','::1','2020-01-02 11:31:05'),
	(1146,'system','loglist','/b/system/loglist?page=1&rows=NaN',1,'admin','::1','2020-01-02 11:31:05'),
	(1147,'system','menulist','/b/system/menulist?menuid=16&&_=1577935351806',1,'admin','::1','2020-01-02 11:31:55'),
	(1148,'system','menulist','/b/system/menulist?grid=treegrid',1,'admin','::1','2020-01-02 11:31:55'),
	(1149,'system','loglist','/b/system/loglist?menuid=15&&_=1577935351807',1,'admin','::1','2020-01-02 11:31:56'),
	(1150,'system','loglist','/b/system/loglist?page=1&rows=NaN',1,'admin','::1','2020-01-02 11:31:56'),
	(1151,'system','loglist','/b/system/loglist?page=1&rows=40',1,'admin','::1','2020-01-02 11:33:18'),
	(1152,'system','loglist','/b/system/loglist?page=1&rows=20',1,'admin','::1','2020-01-02 11:33:20'),
	(1153,'system','loglist','/b/system/loglist?page=1&rows=10',1,'admin','::1','2020-01-02 11:33:22'),
	(1154,'system','menulist','/b/system/menulist?menuid=16&&_=1577935351808',1,'admin','::1','2020-01-02 11:33:25'),
	(1155,'system','menulist','/b/system/menulist?grid=treegrid',1,'admin','::1','2020-01-02 11:33:26'),
	(1156,'system','loglist','/b/system/loglist?menuid=15&&_=1577935351809',1,'admin','::1','2020-01-02 11:33:26'),
	(1157,'system','loglist','/b/system/loglist?page=1&rows=NaN',1,'admin','::1','2020-01-02 11:33:26'),
	(1158,'system','loglist','/b/system/loglist?page=1&rows=NaN',1,'admin','::1','2020-01-02 11:33:59'),
	(1159,'system','loglist','/b/system/loglist?page=1&rows=NaN',1,'admin','::1','2020-01-02 11:34:00'),
	(1160,'system','loglist','/b/system/loglist?page=1&rows=NaN',1,'admin','::1','2020-01-02 11:34:02'),
	(1161,'system','loglist','/b/system/loglist?page=1&rows=NaN',1,'admin','::1','2020-01-02 11:34:02'),
	(1162,'system','menulist','/b/system/menulist?menuid=16&&_=1577935351810',1,'admin','::1','2020-01-02 11:34:05'),
	(1163,'system','menulist','/b/system/menulist?grid=treegrid',1,'admin','::1','2020-01-02 11:34:05'),
	(1164,'system','loglist','/b/system/loglist?menuid=15&&_=1577935351811',1,'admin','::1','2020-01-02 11:34:06'),
	(1165,'system','loglist','/b/system/loglist?page=1&rows=NaN',1,'admin','::1','2020-01-02 11:34:06'),
	(1166,'system','log-delete','/b/system/log-delete',1,'admin','::1','2020-01-02 11:48:22'),
	(1167,'system','log-delete','/b/system/log-delete',1,'admin','::1','2020-01-02 11:48:25'),
	(1168,'system','log-delete','/b/system/log-delete',1,'admin','::1','2020-01-02 11:48:27'),
	(1169,'system','log-delete','/b/system/log-delete',1,'admin','::1','2020-01-02 11:48:30'),
	(1170,'system','log-delete','/b/system/log-delete',1,'admin','::1','2020-01-02 11:48:33'),
	(1171,'system','menulist','/b/system/menulist?menuid=16&&_=1577935351812',1,'admin','::1','2020-01-02 11:48:37'),
	(1172,'system','menulist','/b/system/menulist?grid=treegrid',1,'admin','::1','2020-01-02 11:48:37'),
	(1173,'system','loglist','/b/system/loglist?menuid=15&&_=1577935351813',1,'admin','::1','2020-01-02 11:48:38'),
	(1174,'system','loglist','/b/system/loglist?page=1&rows=20',1,'admin','::1','2020-01-02 11:48:38'),
	(1175,'user','list','/b/user/list?menuid=56&&_=1577935351814',1,'admin','::1','2020-01-02 11:48:40'),
	(1176,'user','list','/b/user/list?page=1&rows=20',1,'admin','::1','2020-01-02 11:48:40'),
	(1177,'model','list','/b/model/list?menuid=62&&_=1577935351815',1,'admin','::1','2020-01-02 11:48:43'),
	(1178,'model','list','/b/model/list?page=1&rows=20',1,'admin','::1','2020-01-02 11:48:43'),
	(1179,'model','list','/b/model/list?page=1&rows=10',1,'admin','::1','2020-01-02 11:48:47'),
	(1180,'model','list','/b/model/list?page=1&rows=20',1,'admin','::1','2020-01-02 11:48:49'),
	(1181,'model','list','/b/model/list?page=1&rows=30',1,'admin','::1','2020-01-02 11:48:51'),
	(1182,'user','list','/b/user/list?menuid=56&&_=1577935351816',1,'admin','::1','2020-01-02 11:50:13'),
	(1183,'user','list','/b/user/list?page=1&rows=20',1,'admin','::1','2020-01-02 11:50:13'),
	(1184,'model','list','/b/model/list?menuid=62&&_=1577935351817',1,'admin','::1','2020-01-02 11:50:15'),
	(1185,'model','list','/b/model/list?page=1&rows=20',1,'admin','::1','2020-01-02 11:50:16'),
	(1186,'system','loglist','/b/system/loglist?menuid=15&&_=1577935351818',1,'admin','::1','2020-01-02 11:50:20'),
	(1187,'system','loglist','/b/system/loglist?page=1&rows=20',1,'admin','::1','2020-01-02 11:50:20'),
	(1188,'model','list','/b/model/list?menuid=62&&_=1577935351819',1,'admin','::1','2020-01-02 11:50:21'),
	(1189,'model','list','/b/model/list?page=1&rows=20',1,'admin','::1','2020-01-02 11:50:21'),
	(1190,'system','loglist','/b/system/loglist?menuid=15&&_=1577935351820',1,'admin','::1','2020-01-02 11:54:46'),
	(1191,'system','loglist','/b/system/loglist?page=1&rows=20',1,'admin','::1','2020-01-02 11:54:46'),
	(1192,'model','list','/b/model/list?menuid=62&&_=1577935351821',1,'admin','::1','2020-01-02 11:54:47'),
	(1193,'model','list','/b/model/list?page=1&rows=20',1,'admin','::1','2020-01-02 11:54:47'),
	(1194,'model','list','/b/model/list?page=1&rows=20',1,'admin','::1','2020-01-02 11:55:09'),
	(1195,'model','list','/b/model/list?page=1&rows=20',1,'admin','::1','2020-01-02 11:55:09'),
	(1196,'model','list','/b/model/list?page=1&rows=20',1,'admin','::1','2020-01-02 11:55:09'),
	(1197,'system','loglist','/b/system/loglist?menuid=15&&_=1577935351822',1,'admin','::1','2020-01-02 11:55:52'),
	(1198,'system','loglist','/b/system/loglist?page=1&rows=20',1,'admin','::1','2020-01-02 11:55:52'),
	(1199,'model','list','/b/model/list?menuid=62&&_=1577935351823',1,'admin','::1','2020-01-02 11:55:53'),
	(1200,'model','list','/b/model/list?page=1&rows=20',1,'admin','::1','2020-01-02 11:55:53'),
	(1201,'system','loglist','/b/system/loglist?menuid=15&&_=1577935351824',1,'admin','::1','2020-01-02 11:57:11'),
	(1202,'system','loglist','/b/system/loglist?page=1&rows=20',1,'admin','::1','2020-01-02 11:57:11'),
	(1203,'model','list','/b/model/list?menuid=62&&_=1577935351825',1,'admin','::1','2020-01-02 11:57:12'),
	(1204,'model','list','/b/model/list?page=1&rows=20',1,'admin','::1','2020-01-02 11:57:12'),
	(1205,'system','loglist','/b/system/loglist?menuid=15&&_=1577935351826',1,'admin','::1','2020-01-02 11:58:06'),
	(1206,'system','loglist','/b/system/loglist?page=1&rows=20',1,'admin','::1','2020-01-02 11:58:06'),
	(1207,'model','list','/b/model/list?menuid=62&&_=1577935351827',1,'admin','::1','2020-01-02 11:58:07'),
	(1208,'model','list','/b/model/list?page=1&rows=20',1,'admin','::1','2020-01-02 11:58:07'),
	(1209,'system','loglist','/b/system/loglist?menuid=15&&_=1577935351828',1,'admin','::1','2020-01-02 11:58:48'),
	(1210,'system','loglist','/b/system/loglist?page=1&rows=20',1,'admin','::1','2020-01-02 11:58:48'),
	(1211,'model','list','/b/model/list?menuid=62&&_=1577935351829',1,'admin','::1','2020-01-02 11:58:49'),
	(1212,'model','list','/b/model/list?page=1&rows=20',1,'admin','::1','2020-01-02 11:58:49'),
	(1213,'system','loglist','/b/system/loglist?menuid=15&&_=1577935351830',1,'admin','::1','2020-01-02 12:00:39'),
	(1214,'system','loglist','/b/system/loglist?page=1&rows=20',1,'admin','::1','2020-01-02 12:00:39'),
	(1215,'model','list','/b/model/list?menuid=62&&_=1577935351831',1,'admin','::1','2020-01-02 12:00:40'),
	(1216,'model','list','/b/model/list?page=1&rows=20',1,'admin','::1','2020-01-02 12:00:40'),
	(1217,'system','loglist','/b/system/loglist?menuid=15&&_=1577935351832',1,'admin','::1','2020-01-02 12:02:17'),
	(1218,'system','loglist','/b/system/loglist?page=1&rows=20',1,'admin','::1','2020-01-02 12:02:17'),
	(1219,'model','list','/b/model/list?menuid=62&&_=1577935351833',1,'admin','::1','2020-01-02 12:02:19'),
	(1220,'model','list','/b/model/list?page=1&rows=20',1,'admin','::1','2020-01-02 12:02:19'),
	(1221,'model','delete','/b/model/delete',1,'admin','::1','2020-01-02 12:02:26'),
	(1222,'model','delete','/b/model/delete',1,'admin','::1','2020-01-02 12:25:11'),
	(1223,'model','list','/b/model/list?page=1&rows=20',1,'admin','::1','2020-01-02 12:26:54'),
	(1224,'model','list','/b/model/list?page=1&rows=20',1,'admin','::1','2020-01-02 12:26:56'),
	(1225,'model','list','/b/model/list?page=1&rows=20',1,'admin','::1','2020-01-02 12:26:56'),
	(1226,'model','list','/b/model/list?page=1&rows=20',1,'admin','::1','2020-01-02 12:26:56'),
	(1227,'model','list','/b/model/list?page=1&rows=20',1,'admin','::1','2020-01-02 12:26:56'),
	(1228,'model','list','/b/model/list?page=1&rows=20',1,'admin','::1','2020-01-02 12:26:57'),
	(1229,'model','list','/b/model/list?page=1&rows=20',1,'admin','::1','2020-01-02 12:26:57'),
	(1230,'model','list','/b/model/list?page=1&rows=20',1,'admin','::1','2020-01-02 12:26:57'),
	(1231,'model','list','/b/model/list?menuid=62&&_=1577939250513',1,'admin','::1','2020-01-02 12:27:34'),
	(1232,'model','list','/b/model/list?page=1&rows=20',1,'admin','::1','2020-01-02 12:27:34'),
	(1233,'model','list','/b/model/list?page=1&rows=20',1,'admin','::1','2020-01-02 12:28:38'),
	(1234,'model','list','/b/model/list?page=1&rows=20',1,'admin','::1','2020-01-02 12:28:38'),
	(1235,'model','list','/b/model/list?page=1&rows=20',1,'admin','::1','2020-01-02 12:28:39'),
	(1236,'model','list','/b/model/list?page=1&rows=20',1,'admin','::1','2020-01-02 12:28:39'),
	(1237,'model','list','/b/model/list?page=1&rows=20',1,'admin','::1','2020-01-02 12:28:39'),
	(1238,'model','list','/b/model/list?page=1&rows=20',1,'admin','::1','2020-01-02 12:28:39'),
	(1239,'model','delete','/b/model/delete',1,'admin','::1','2020-01-02 12:28:42'),
	(1240,'model','list','/b/model/list?menuid=62&&_=1577939250515',1,'admin','::1','2020-01-02 12:29:05'),
	(1241,'model','list','/b/model/list?page=1&rows=20',1,'admin','::1','2020-01-02 12:29:05'),
	(1242,'model','delete','/b/model/delete',1,'admin','::1','2020-01-02 12:29:08'),
	(1243,'model','list','/b/model/list?menuid=62&&_=1577939250517',1,'admin','::1','2020-01-02 12:29:50'),
	(1244,'model','list','/b/model/list?page=1&rows=20',1,'admin','::1','2020-01-02 12:29:50'),
	(1245,'model','delete','/b/model/delete?id=11',1,'admin','::1','2020-01-02 12:30:26'),
	(1246,'model','delete','/b/model/delete?id=11',1,'admin','::1','2020-01-02 12:32:05'),
	(1247,'model','list','/b/model/list?page=1&rows=20',1,'admin','::1','2020-01-02 12:32:05'),
	(1248,'model','delete','/b/model/delete?id=10',1,'admin','::1','2020-01-02 12:32:14'),
	(1249,'model','list','/b/model/list?page=1&rows=20',1,'admin','::1','2020-01-02 12:32:14'),
	(1250,'model','delete','/b/model/delete?id=9',1,'admin','::1','2020-01-02 12:32:16'),
	(1251,'model','list','/b/model/list?page=1&rows=20',1,'admin','::1','2020-01-02 12:32:16'),
	(1252,'model','delete','/b/model/delete?id=8',1,'admin','::1','2020-01-02 12:32:19'),
	(1253,'model','list','/b/model/list?page=1&rows=20',1,'admin','::1','2020-01-02 12:32:19'),
	(1254,'model','delete','/b/model/delete?id=7',1,'admin','::1','2020-01-02 12:32:22'),
	(1255,'model','list','/b/model/list?page=1&rows=20',1,'admin','::1','2020-01-02 12:32:22'),
	(1256,'model','delete','/b/model/delete?id=6',1,'admin','::1','2020-01-02 12:32:24'),
	(1257,'model','list','/b/model/list?page=1&rows=20',1,'admin','::1','2020-01-02 12:32:24'),
	(1258,'model','delete','/b/model/delete?id=5',1,'admin','::1','2020-01-02 12:32:27'),
	(1259,'model','list','/b/model/list?page=1&rows=20',1,'admin','::1','2020-01-02 12:32:27'),
	(1260,'model','delete','/b/model/delete?id=4',1,'admin','::1','2020-01-02 12:32:30'),
	(1261,'model','list','/b/model/list?page=1&rows=20',1,'admin','::1','2020-01-02 12:32:30'),
	(1262,'model','delete','/b/model/delete?id=3',1,'admin','::1','2020-01-02 12:32:33'),
	(1263,'model','list','/b/model/list?page=1&rows=20',1,'admin','::1','2020-01-02 12:32:33'),
	(1264,'model','delete','/b/model/delete?id=2',1,'admin','::1','2020-01-02 12:32:36'),
	(1265,'model','list','/b/model/list?page=1&rows=20',1,'admin','::1','2020-01-02 12:32:36'),
	(1266,'model','list','/b/model/list?menuid=62&&_=1577945568418',1,'admin','::1','2020-01-02 14:12:54'),
	(1267,'model','list','/b/model/list?page=1&rows=20',1,'admin','::1','2020-01-02 14:12:55'),
	(1268,'model','add','/b/model/add?_=1577945568419',1,'admin','::1','2020-01-02 14:12:57'),
	(1269,'model','add','/b/model/add',1,'admin','::1','2020-01-02 14:13:18'),
	(1270,'model','list','/b/model/list?menuid=62&&_=1577945568420',1,'admin','::1','2020-01-02 14:13:21'),
	(1271,'model','list','/b/model/list?page=1&rows=20',1,'admin','::1','2020-01-02 14:13:21'),
	(1272,'model','add','/b/model/add?_=1577945568421',1,'admin','::1','2020-01-02 14:15:05'),
	(1273,'model','add','/b/model/add',1,'admin','::1','2020-01-02 14:15:18'),
	(1274,'model','add','/b/model/add',1,'admin','::1','2020-01-02 14:16:07'),
	(1275,'model','add','/b/model/add',1,'admin','::1','2020-01-02 14:18:11'),
	(1276,'model','add','/b/model/add',1,'admin','::1','2020-01-02 14:18:28'),
	(1277,'model','add','/b/model/add',1,'admin','::1','2020-01-02 14:21:25'),
	(1278,'model','list','/b/model/list?menuid=62&&_=1577945568422',1,'admin','::1','2020-01-02 14:21:59'),
	(1279,'model','list','/b/model/list?page=1&rows=20',1,'admin','::1','2020-01-02 14:21:59'),
	(1280,'model','add','/b/model/add?_=1577945568423',1,'admin','::1','2020-01-02 14:22:06'),
	(1281,'model','add','/b/model/add',1,'admin','::1','2020-01-02 14:23:09'),
	(1282,'model','list','/b/model/list?menuid=62&&_=1577945568424',1,'admin','::1','2020-01-02 14:23:31'),
	(1283,'model','list','/b/model/list?page=1&rows=20',1,'admin','::1','2020-01-02 14:23:31'),
	(1284,'model','delete','/b/model/delete?id=1',1,'admin','::1','2020-01-02 14:23:41'),
	(1285,'model','add','/b/model/add?_=1577945568425',1,'admin','::1','2020-01-02 14:24:34'),
	(1286,'model','add','/b/model/add',1,'admin','::1','2020-01-02 14:25:12'),
	(1287,'model','add','/b/model/add',1,'admin','::1','2020-01-02 14:25:19'),
	(1288,'model','add','/b/model/add',1,'admin','::1','2020-01-02 14:25:22'),
	(1289,'model','list','/b/model/list?menuid=62&&_=1577945568426',1,'admin','::1','2020-01-02 14:25:23'),
	(1290,'model','list','/b/model/list?page=1&rows=20',1,'admin','::1','2020-01-02 14:25:23'),
	(1291,'model','delete','/b/model/delete?id=2',1,'admin','::1','2020-01-02 14:25:26'),
	(1292,'model','list','/b/model/list?page=1&rows=20',1,'admin','::1','2020-01-02 14:25:26'),
	(1293,'model','add','/b/model/add?_=1577945568427',1,'admin','::1','2020-01-02 14:30:15'),
	(1294,'model','add','/b/model/add',1,'admin','::1','2020-01-02 14:30:37'),
	(1295,'model','add','/b/model/add',1,'admin','::1','2020-01-02 14:30:41'),
	(1296,'model','add','/b/model/add',1,'admin','::1','2020-01-02 14:31:06'),
	(1297,'model','add','/b/model/add',1,'admin','::1','2020-01-02 14:31:29'),
	(1298,'model','add','/b/model/add',1,'admin','::1','2020-01-02 14:31:32'),
	(1299,'model','add','/b/model/add',1,'admin','::1','2020-01-02 14:35:12'),
	(1300,'model','add','/b/model/add',1,'admin','::1','2020-01-02 14:35:15'),
	(1301,'model','add','/b/model/add',1,'admin','::1','2020-01-02 14:35:28'),
	(1302,'model','add','/b/model/add',1,'admin','::1','2020-01-02 14:35:59'),
	(1303,'model','add','/b/model/add',1,'admin','::1','2020-01-02 14:36:09'),
	(1304,'model','list','/b/model/list?menuid=62&&_=1577945568428',1,'admin','::1','2020-01-02 14:39:41'),
	(1305,'model','list','/b/model/list?page=1&rows=20',1,'admin','::1','2020-01-02 14:39:41'),
	(1306,'model','add','/b/model/add?_=1577945568429',1,'admin','::1','2020-01-02 14:39:42'),
	(1307,'model','add','/b/model/add',1,'admin','::1','2020-01-02 14:39:48'),
	(1308,'model','list','/b/model/list?menuid=62&&_=1577945568430',1,'admin','::1','2020-01-02 14:40:25'),
	(1309,'model','list','/b/model/list?page=1&rows=20',1,'admin','::1','2020-01-02 14:40:25'),
	(1310,'model','add','/b/model/add?_=1577945568431',1,'admin','::1','2020-01-02 14:40:26'),
	(1311,'model','add','/b/model/add',1,'admin','::1','2020-01-02 14:40:33'),
	(1312,'model','add','/b/model/add',1,'admin','::1','2020-01-02 14:41:07'),
	(1313,'model','list','/b/model/list?menuid=62&&_=1577945568432',1,'admin','::1','2020-01-02 14:42:25'),
	(1314,'model','list','/b/model/list?page=1&rows=20',1,'admin','::1','2020-01-02 14:42:25'),
	(1315,'model','add','/b/model/add?_=1577945568433',1,'admin','::1','2020-01-02 14:42:26'),
	(1316,'model','add','/b/model/add',1,'admin','::1','2020-01-02 14:42:34'),
	(1317,'model','add','/b/model/add',1,'admin','::1','2020-01-02 14:42:40'),
	(1318,'model','list','/b/model/list?menuid=62&&_=1577945568434',1,'admin','::1','2020-01-02 14:43:17'),
	(1319,'model','list','/b/model/list?page=1&rows=20',1,'admin','::1','2020-01-02 14:43:17'),
	(1320,'model','add','/b/model/add?_=1577945568435',1,'admin','::1','2020-01-02 14:43:19'),
	(1321,'model','add','/b/model/add',1,'admin','::1','2020-01-02 14:43:27'),
	(1322,'model','add','/b/model/add',1,'admin','::1','2020-01-02 14:43:30'),
	(1323,'model','add','/b/model/add',1,'admin','::1','2020-01-02 14:43:35'),
	(1324,'model','list','/b/model/list?menuid=62&&_=1577945568436',1,'admin','::1','2020-01-02 14:43:38'),
	(1325,'model','list','/b/model/list?page=1&rows=20',1,'admin','::1','2020-01-02 14:43:38'),
	(1326,'model','delete','/b/model/delete?id=10',1,'admin','::1','2020-01-02 14:43:42'),
	(1327,'model','list','/b/model/list?page=1&rows=20',1,'admin','::1','2020-01-02 14:43:42'),
	(1328,'model','delete','/b/model/delete?id=11',1,'admin','::1','2020-01-02 14:43:46'),
	(1329,'model','list','/b/model/list?page=1&rows=20',1,'admin','::1','2020-01-02 14:43:46'),
	(1330,'model','delete','/b/model/delete?id=12',1,'admin','::1','2020-01-02 14:43:48'),
	(1331,'model','list','/b/model/list?page=1&rows=20',1,'admin','::1','2020-01-02 14:43:48'),
	(1332,'model','delete','/b/model/delete?id=9',1,'admin','::1','2020-01-02 14:43:51'),
	(1333,'model','list','/b/model/list?page=1&rows=20',1,'admin','::1','2020-01-02 14:43:51'),
	(1334,'model','delete','/b/model/delete?id=8',1,'admin','::1','2020-01-02 14:43:54'),
	(1335,'model','list','/b/model/list?page=1&rows=20',1,'admin','::1','2020-01-02 14:43:54'),
	(1336,'model','delete','/b/model/delete?id=7',1,'admin','::1','2020-01-02 14:43:57'),
	(1337,'model','list','/b/model/list?page=1&rows=20',1,'admin','::1','2020-01-02 14:43:57'),
	(1338,'model','delete','/b/model/delete?id=6',1,'admin','::1','2020-01-02 14:43:59'),
	(1339,'model','list','/b/model/list?page=1&rows=20',1,'admin','::1','2020-01-02 14:43:59'),
	(1340,'model','delete','/b/model/delete?id=5',1,'admin','::1','2020-01-02 14:44:02'),
	(1341,'model','list','/b/model/list?page=1&rows=20',1,'admin','::1','2020-01-02 14:44:02'),
	(1342,'model','delete','/b/model/delete?id=4',1,'admin','::1','2020-01-02 14:44:05'),
	(1343,'model','list','/b/model/list?page=1&rows=20',1,'admin','::1','2020-01-02 14:44:05'),
	(1344,'model','list','/b/model/list?page=1&rows=20',1,'admin','::1','2020-01-02 14:44:08'),
	(1345,'model','list','/b/model/list?page=1&rows=20',1,'admin','::1','2020-01-02 14:44:08'),
	(1346,'model','list','/b/model/list?page=1&rows=20',1,'admin','::1','2020-01-02 14:44:08'),
	(1347,'model','list','/b/model/list?page=1&rows=20',1,'admin','::1','2020-01-02 14:44:08'),
	(1348,'model','list','/b/model/list?page=1&rows=20',1,'admin','::1','2020-01-02 14:44:08'),
	(1349,'model','add','/b/model/add?_=1577945568437',1,'admin','::1','2020-01-02 14:44:10'),
	(1350,'model','list','/b/model/list?menuid=62&&_=1577945568438',1,'admin','::1','2020-01-02 14:45:21'),
	(1351,'model','list','/b/model/list?page=1&rows=20',1,'admin','::1','2020-01-02 14:45:21'),
	(1352,'model','add','/b/model/add?_=1577945568439',1,'admin','::1','2020-01-02 14:45:25'),
	(1353,'model','list','/b/model/list?menuid=62&&_=1577945568440',1,'admin','::1','2020-01-02 15:19:01'),
	(1354,'model','list','/b/model/list?page=1&rows=20',1,'admin','::1','2020-01-02 15:19:01'),
	(1355,'category','list','/b/category/list?menuid=36&&_=1577945568442',1,'admin','::1','2020-01-02 15:19:06'),
	(1356,'category','list','/b/category/list?grid=treegrid',1,'admin','::1','2020-01-02 15:19:06'),
	(1357,'content','index','/b/content/index?menuid=35&&_=1577945568443',1,'admin','::1','2020-01-02 15:19:07'),
	(1358,'content','right','/b/content/right?_=1577945568444',1,'admin','::1','2020-01-02 15:19:07'),
	(1359,'content','right','/b/content/right',1,'admin','::1','2020-01-02 15:19:07'),
	(1360,'content','right','/b/content/right',1,'admin','::1','2020-01-02 15:19:07'),
	(1361,'category','list','/b/category/list?menuid=36&&_=1577945568446',1,'admin','::1','2020-01-02 15:19:08'),
	(1362,'category','list','/b/category/list?grid=treegrid',1,'admin','::1','2020-01-02 15:19:08'),
	(1363,'content','index','/b/content/index?menuid=35&&_=1577945568447',1,'admin','::1','2020-01-02 15:19:09'),
	(1364,'content','right','/b/content/right?_=1577945568448',1,'admin','::1','2020-01-02 15:19:09'),
	(1365,'content','right','/b/content/right',1,'admin','::1','2020-01-02 15:19:09'),
	(1366,'content','right','/b/content/right',1,'admin','::1','2020-01-02 15:19:09'),
	(1367,'category','list','/b/category/list?menuid=36&&_=1577945568450',1,'admin','::1','2020-01-02 15:19:09'),
	(1368,'category','list','/b/category/list?grid=treegrid',1,'admin','::1','2020-01-02 15:19:09'),
	(1369,'category','category-add','/b/category/category-add?parentid=0&_=1577945568451',1,'admin','::1','2020-01-02 15:19:10'),
	(1370,'category','category-select','/b/category/category-select',1,'admin','::1','2020-01-02 15:19:10'),
	(1371,'content','index','/b/content/index?menuid=35&&_=1577945568453',1,'admin','::1','2020-01-02 15:21:42'),
	(1372,'content','right','/b/content/right?_=1577945568454',1,'admin','::1','2020-01-02 15:21:42'),
	(1373,'content','right','/b/content/right',1,'admin','::1','2020-01-02 15:21:42'),
	(1374,'content','right','/b/content/right',1,'admin','::1','2020-01-02 15:21:42'),
	(1375,'category','list','/b/category/list?menuid=36&&_=1577945568456',1,'admin','::1','2020-01-02 15:21:43'),
	(1376,'category','list','/b/category/list?grid=treegrid',1,'admin','::1','2020-01-02 15:21:43'),
	(1377,'category','category-add','/b/category/category-add?parentid=0&_=1577945568457',1,'admin','::1','2020-01-02 15:21:44'),
	(1378,'content','index','/b/content/index?menuid=35&&_=1577945568458',1,'admin','::1','2020-01-02 15:22:04'),
	(1379,'content','right','/b/content/right?_=1577945568459',1,'admin','::1','2020-01-02 15:22:04'),
	(1380,'content','right','/b/content/right',1,'admin','::1','2020-01-02 15:22:04'),
	(1381,'content','right','/b/content/right',1,'admin','::1','2020-01-02 15:22:04'),
	(1382,'category','list','/b/category/list?menuid=36&&_=1577945568461',1,'admin','::1','2020-01-02 15:22:04'),
	(1383,'category','list','/b/category/list?grid=treegrid',1,'admin','::1','2020-01-02 15:22:04'),
	(1384,'category','list','/b/category/list?menuid=36&&_=1577949725538',1,'admin','::1','2020-01-02 15:22:07'),
	(1385,'category','list','/b/category/list?grid=treegrid',1,'admin','::1','2020-01-02 15:22:07'),
	(1386,'category','category-add','/b/category/category-add?parentid=0&_=1577949725539',1,'admin','::1','2020-01-02 15:22:08'),
	(1387,'category','category-select','/b/category/category-select',1,'admin','::1','2020-01-02 15:22:08'),
	(1388,'system','menulist','/b/system/menulist?menuid=16&&_=1577949745973',1,'admin','::1','2020-01-02 15:22:29'),
	(1389,'system','menulist','/b/system/menulist?grid=treegrid',1,'admin','::1','2020-01-02 15:22:29'),
	(1390,'category','list','/b/category/list?menuid=36&&_=1577949745974',1,'admin','::1','2020-01-02 15:22:31'),
	(1391,'category','list','/b/category/list?grid=treegrid',1,'admin','::1','2020-01-02 15:22:31'),
	(1392,'category','category-add','/b/category/category-add?parentid=0&_=1577949745975',1,'admin','::1','2020-01-02 15:22:33'),
	(1393,'category','list','/b/category/list?grid=treegrid',1,'admin','::1','2020-01-02 15:24:52'),
	(1394,'category','list','/b/category/list?grid=treegrid',1,'admin','::1','2020-01-02 15:24:53'),
	(1395,'category','list','/b/category/list?grid=treegrid',1,'admin','::1','2020-01-02 15:24:53'),
	(1396,'category','list','/b/category/list?grid=treegrid',1,'admin','::1','2020-01-02 15:24:53'),
	(1397,'category','list','/b/category/list?grid=treegrid',1,'admin','::1','2020-01-02 15:24:53'),
	(1398,'category','list','/b/category/list?grid=treegrid',1,'admin','::1','2020-01-02 15:24:53'),
	(1399,'category','list','/b/category/list?grid=treegrid',1,'admin','::1','2020-01-02 15:24:53'),
	(1400,'category','list','/b/category/list?grid=treegrid',1,'admin','::1','2020-01-02 15:24:54'),
	(1401,'category','list','/b/category/list?grid=treegrid',1,'admin','::1','2020-01-02 15:24:54'),
	(1402,'category','list','/b/category/list?grid=treegrid',1,'admin','::1','2020-01-02 15:24:54'),
	(1403,'category','list','/b/category/list?grid=treegrid',1,'admin','::1','2020-01-02 15:24:54'),
	(1404,'category','list','/b/category/list?grid=treegrid',1,'admin','::1','2020-01-02 15:24:54'),
	(1405,'category','list','/b/category/list?grid=treegrid',1,'admin','::1','2020-01-02 15:24:55'),
	(1406,'category','list','/b/category/list?grid=treegrid',1,'admin','::1','2020-01-02 15:24:55'),
	(1407,'category','list','/b/category/list?grid=treegrid',1,'admin','::1','2020-01-02 15:24:55'),
	(1408,'category','list','/b/category/list?grid=treegrid&sort=catid&order=asc',1,'admin','::1','2020-01-02 15:24:59'),
	(1409,'category','list','/b/category/list?grid=treegrid&sort=catid&order=desc',1,'admin','::1','2020-01-02 15:25:00'),
	(1410,'category','list','/b/category/list?grid=treegrid&sort=catid&order=asc',1,'admin','::1','2020-01-02 15:25:00'),
	(1411,'category','list','/b/category/list?grid=treegrid&sort=catid&order=desc',1,'admin','::1','2020-01-02 15:25:00'),
	(1412,'category','list','/b/category/list?grid=treegrid&sort=catid&order=asc',1,'admin','::1','2020-01-02 15:25:00'),
	(1413,'category','list','/b/category/list?grid=treegrid&sort=catid&order=desc',1,'admin','::1','2020-01-02 15:25:00'),
	(1414,'category','list','/b/category/list?grid=treegrid&sort=catid&order=asc',1,'admin','::1','2020-01-02 15:25:01'),
	(1415,'category','list','/b/category/list?grid=treegrid&sort=catid&order=desc',1,'admin','::1','2020-01-02 15:25:01'),
	(1416,'system','menulist','/b/system/menulist?menuid=16&&_=1577949745976',1,'admin','::1','2020-01-02 15:28:06'),
	(1417,'system','menulist','/b/system/menulist?grid=treegrid',1,'admin','::1','2020-01-02 15:28:06'),
	(1418,'category','list','/b/category/list?menuid=36&&_=1577949745977',1,'admin','::1','2020-01-02 15:28:08'),
	(1419,'category','list','/b/category/list?grid=treegrid',1,'admin','::1','2020-01-02 15:28:08'),
	(1420,'category','category-add','/b/category/category-add?parentid=0&_=1577949745978',1,'admin','::1','2020-01-02 15:28:09'),
	(1421,'system','menulist','/b/system/menulist?menuid=16&&_=1577949745979',1,'admin','::1','2020-01-02 15:28:23'),
	(1422,'system','menulist','/b/system/menulist?grid=treegrid',1,'admin','::1','2020-01-02 15:28:23'),
	(1423,'category','list','/b/category/list?menuid=36&&_=1577949745980',1,'admin','::1','2020-01-02 15:28:24'),
	(1424,'category','list','/b/category/list?grid=treegrid',1,'admin','::1','2020-01-02 15:28:24'),
	(1425,'category','category-add','/b/category/category-add?parentid=0&_=1577949745981',1,'admin','::1','2020-01-02 15:28:24'),
	(1426,'content','index','/b/content/index?menuid=35&&_=1577949745982',1,'admin','::1','2020-01-02 15:28:36'),
	(1427,'content','right','/b/content/right?_=1577949745983',1,'admin','::1','2020-01-02 15:28:36'),
	(1428,'content','right','/b/content/right',1,'admin','::1','2020-01-02 15:28:36'),
	(1429,'content','right','/b/content/right',1,'admin','::1','2020-01-02 15:28:36'),
	(1430,'category','list','/b/category/list?menuid=36&&_=1577949745985',1,'admin','::1','2020-01-02 15:28:36'),
	(1431,'category','list','/b/category/list?grid=treegrid',1,'admin','::1','2020-01-02 15:28:36'),
	(1432,'category','category-add','/b/category/category-add?parentid=0&_=1577949745986',1,'admin','::1','2020-01-02 15:28:37'),
	(1433,'category','category-add','/b/category/category-add?parentid=0&_=1577949745987',1,'admin','::1','2020-01-02 15:28:57'),
	(1434,'category','category-add','/b/category/category-add?parentid=0&_=1577949745988',1,'admin','::1','2020-01-02 15:30:32'),
	(1435,'category','category-add','/b/category/category-add?parentid=0&_=1577949745989',1,'admin','::1','2020-01-02 15:31:10'),
	(1436,'category','category-add','/b/category/category-add?parentid=0&_=1577949745990',1,'admin','::1','2020-01-02 15:32:05'),
	(1437,'category','list','/b/category/list?grid=treegrid',1,'admin','::1','2020-01-02 15:33:06'),
	(1438,'system','menulist','/b/system/menulist?menuid=16&&_=1577949745991',1,'admin','::1','2020-01-02 15:33:08'),
	(1439,'system','menulist','/b/system/menulist?grid=treegrid',1,'admin','::1','2020-01-02 15:33:08'),
	(1440,'category','list','/b/category/list?menuid=36&&_=1577949745992',1,'admin','::1','2020-01-02 15:33:09'),
	(1441,'category','list','/b/category/list?grid=treegrid',1,'admin','::1','2020-01-02 15:33:09'),
	(1442,'category','category-add','/b/category/category-add?parentid=0&_=1577949745993',1,'admin','::1','2020-01-02 15:33:10'),
	(1443,'category','list','/b/category/list?menuid=36&&_=1577950392324',1,'admin','::1','2020-01-02 15:33:16'),
	(1444,'category','list','/b/category/list?grid=treegrid',1,'admin','::1','2020-01-02 15:33:16'),
	(1445,'category','category-add','/b/category/category-add?parentid=0&_=1577950392325',1,'admin','::1','2020-01-02 15:33:16'),
	(1446,'category','category-select','/b/category/category-select',1,'admin','::1','2020-01-02 15:33:17'),
	(1447,'content','index','/b/content/index?menuid=35&&_=1577950736566',1,'admin','::1','2020-01-02 15:39:02'),
	(1448,'content','right','/b/content/right?_=1577950736567',1,'admin','::1','2020-01-02 15:39:02'),
	(1449,'content','right','/b/content/right',1,'admin','::1','2020-01-02 15:39:02'),
	(1450,'content','right','/b/content/right',1,'admin','::1','2020-01-02 15:39:02'),
	(1451,'category','list','/b/category/list?menuid=36&&_=1577950736569',1,'admin','::1','2020-01-02 15:39:03'),
	(1452,'category','list','/b/category/list?grid=treegrid',1,'admin','::1','2020-01-02 15:39:03'),
	(1453,'category','category-add','/b/category/category-add?parentid=0&_=1577950736570',1,'admin','::1','2020-01-02 15:39:04'),
	(1454,'category','category-select','/b/category/category-select',1,'admin','::1','2020-01-02 15:39:04'),
	(1455,'category','list','/b/category/list?menuid=36&&_=1577950764255',1,'admin','::1','2020-01-02 15:39:26'),
	(1456,'category','list','/b/category/list?grid=treegrid',1,'admin','::1','2020-01-02 15:39:26'),
	(1457,'content','index','/b/content/index?menuid=35&&_=1577950764256',1,'admin','::1','2020-01-02 15:39:27'),
	(1458,'content','right','/b/content/right?_=1577950764257',1,'admin','::1','2020-01-02 15:39:27'),
	(1459,'content','right','/b/content/right',1,'admin','::1','2020-01-02 15:39:27'),
	(1460,'content','right','/b/content/right',1,'admin','::1','2020-01-02 15:39:27'),
	(1461,'category','list','/b/category/list?menuid=36&&_=1577950764259',1,'admin','::1','2020-01-02 15:39:28'),
	(1462,'category','list','/b/category/list?grid=treegrid',1,'admin','::1','2020-01-02 15:39:28'),
	(1463,'category','category-add','/b/category/category-add?parentid=0&_=1577950764260',1,'admin','::1','2020-01-02 15:39:28'),
	(1464,'category','category-select','/b/category/category-select',1,'admin','::1','2020-01-02 15:39:29'),
	(1465,'content','index','/b/content/index?menuid=35&&_=1577950885436',1,'admin','::1','2020-01-02 15:41:28'),
	(1466,'content','right','/b/content/right?_=1577950885437',1,'admin','::1','2020-01-02 15:41:28'),
	(1467,'content','right','/b/content/right',1,'admin','::1','2020-01-02 15:41:28'),
	(1468,'content','right','/b/content/right',1,'admin','::1','2020-01-02 15:41:28'),
	(1469,'category','list','/b/category/list?menuid=36&&_=1577950885439',1,'admin','::1','2020-01-02 15:41:28'),
	(1470,'category','list','/b/category/list?grid=treegrid',1,'admin','::1','2020-01-02 15:41:28'),
	(1471,'category','category-add','/b/category/category-add?parentid=0&_=1577950885440',1,'admin','::1','2020-01-02 15:41:29'),
	(1472,'category','category-select','/b/category/category-select',1,'admin','::1','2020-01-02 15:41:29'),
	(1473,'category','list','/b/category/list?menuid=36&&_=1577950921747',1,'admin','::1','2020-01-02 15:42:03'),
	(1474,'category','list','/b/category/list?grid=treegrid',1,'admin','::1','2020-01-02 15:42:03'),
	(1475,'content','index','/b/content/index?menuid=35&&_=1577950921748',1,'admin','::1','2020-01-02 15:42:04'),
	(1476,'content','right','/b/content/right?_=1577950921749',1,'admin','::1','2020-01-02 15:42:04'),
	(1477,'content','right','/b/content/right',1,'admin','::1','2020-01-02 15:42:04'),
	(1478,'content','right','/b/content/right',1,'admin','::1','2020-01-02 15:42:04'),
	(1479,'category','list','/b/category/list?menuid=36&&_=1577950921751',1,'admin','::1','2020-01-02 15:42:05'),
	(1480,'category','list','/b/category/list?grid=treegrid',1,'admin','::1','2020-01-02 15:42:05'),
	(1481,'category','category-add','/b/category/category-add?parentid=0&_=1577950921752',1,'admin','::1','2020-01-02 15:42:07'),
	(1482,'category','category-select','/b/category/category-select',1,'admin','::1','2020-01-02 15:42:07'),
	(1483,'content','index','/b/content/index?menuid=35&&_=1577951016202',1,'admin','::1','2020-01-02 15:43:37'),
	(1484,'content','right','/b/content/right?_=1577951016203',1,'admin','::1','2020-01-02 15:43:37'),
	(1485,'content','right','/b/content/right',1,'admin','::1','2020-01-02 15:43:37'),
	(1486,'content','right','/b/content/right',1,'admin','::1','2020-01-02 15:43:37'),
	(1487,'category','list','/b/category/list?menuid=36&&_=1577951016205',1,'admin','::1','2020-01-02 15:43:38'),
	(1488,'category','list','/b/category/list?grid=treegrid',1,'admin','::1','2020-01-02 15:43:38'),
	(1489,'content','index','/b/content/index?menuid=35&&_=1577951016206',1,'admin','::1','2020-01-02 15:43:39'),
	(1490,'content','right','/b/content/right?_=1577951016207',1,'admin','::1','2020-01-02 15:43:39'),
	(1491,'content','right','/b/content/right',1,'admin','::1','2020-01-02 15:43:39'),
	(1492,'content','right','/b/content/right',1,'admin','::1','2020-01-02 15:43:39'),
	(1493,'category','list','/b/category/list?menuid=36&&_=1577951016209',1,'admin','::1','2020-01-02 15:43:40'),
	(1494,'category','list','/b/category/list?grid=treegrid',1,'admin','::1','2020-01-02 15:43:40'),
	(1495,'category','category-add','/b/category/category-add?parentid=0&_=1577951016210',1,'admin','::1','2020-01-02 15:43:42'),
	(1496,'category','category-select','/b/category/category-select',1,'admin','::1','2020-01-02 15:43:42'),
	(1497,'content','index','/b/content/index?menuid=35&&_=1577951035099',1,'admin','::1','2020-01-02 15:43:56'),
	(1498,'content','right','/b/content/right?_=1577951035100',1,'admin','::1','2020-01-02 15:43:56'),
	(1499,'content','right','/b/content/right',1,'admin','::1','2020-01-02 15:43:57'),
	(1500,'content','right','/b/content/right',1,'admin','::1','2020-01-02 15:43:57'),
	(1501,'category','list','/b/category/list?menuid=36&&_=1577951035102',1,'admin','::1','2020-01-02 15:43:57'),
	(1502,'category','list','/b/category/list?grid=treegrid',1,'admin','::1','2020-01-02 15:43:57'),
	(1503,'category','category-add','/b/category/category-add?parentid=0&_=1577951035103',1,'admin','::1','2020-01-02 15:43:58'),
	(1504,'category','category-select','/b/category/category-select',1,'admin','::1','2020-01-02 15:43:59'),
	(1505,'content','index','/b/content/index?menuid=35&&_=1577951090234',1,'admin','::1','2020-01-02 15:44:52'),
	(1506,'content','right','/b/content/right?_=1577951090235',1,'admin','::1','2020-01-02 15:44:52'),
	(1507,'content','right','/b/content/right',1,'admin','::1','2020-01-02 15:44:52'),
	(1508,'content','right','/b/content/right',1,'admin','::1','2020-01-02 15:44:52'),
	(1509,'category','list','/b/category/list?menuid=36&&_=1577951090237',1,'admin','::1','2020-01-02 15:44:53'),
	(1510,'category','list','/b/category/list?grid=treegrid',1,'admin','::1','2020-01-02 15:44:53'),
	(1511,'category','category-add','/b/category/category-add?parentid=0&_=1577951090238',1,'admin','::1','2020-01-02 15:44:53'),
	(1512,'category','category-select','/b/category/category-select',1,'admin','::1','2020-01-02 15:44:53'),
	(1513,'category','list','/b/category/list?menuid=36&&_=1577951135369',1,'admin','::1','2020-01-02 15:45:37'),
	(1514,'category','list','/b/category/list?grid=treegrid',1,'admin','::1','2020-01-02 15:45:37'),
	(1515,'category','category-add','/b/category/category-add?parentid=0&_=1577951135370',1,'admin','::1','2020-01-02 15:45:38'),
	(1516,'category','category-select','/b/category/category-select',1,'admin','::1','2020-01-02 15:45:38'),
	(1517,'category','list','/b/category/list?menuid=36&&_=1577951157000',1,'admin','::1','2020-01-02 15:46:01'),
	(1518,'category','list','/b/category/list?grid=treegrid',1,'admin','::1','2020-01-02 15:46:01'),
	(1519,'category','category-add','/b/category/category-add?parentid=0&_=1577951157001',1,'admin','::1','2020-01-02 15:46:02'),
	(1520,'category','category-select','/b/category/category-select',1,'admin','::1','2020-01-02 15:46:03'),
	(1521,'category','list','/b/category/list?menuid=36&&_=1577951184533',1,'admin','::1','2020-01-02 15:46:26'),
	(1522,'category','list','/b/category/list?grid=treegrid',1,'admin','::1','2020-01-02 15:46:26'),
	(1523,'content','index','/b/content/index?menuid=35&&_=1577951184534',1,'admin','::1','2020-01-02 15:46:26'),
	(1524,'content','right','/b/content/right?_=1577951184535',1,'admin','::1','2020-01-02 15:46:26'),
	(1525,'content','right','/b/content/right',1,'admin','::1','2020-01-02 15:46:26'),
	(1526,'content','right','/b/content/right',1,'admin','::1','2020-01-02 15:46:26'),
	(1527,'category','list','/b/category/list?menuid=36&&_=1577951184537',1,'admin','::1','2020-01-02 15:46:27'),
	(1528,'category','list','/b/category/list?grid=treegrid',1,'admin','::1','2020-01-02 15:46:27'),
	(1529,'category','category-add','/b/category/category-add?parentid=0&_=1577951184538',1,'admin','::1','2020-01-02 15:46:28'),
	(1530,'category','category-select','/b/category/category-select',1,'admin','::1','2020-01-02 15:46:28'),
	(1531,'category','list','/b/category/list?menuid=36&&_=1577951413296',1,'admin','::1','2020-01-02 15:50:15'),
	(1532,'category','list','/b/category/list?grid=treegrid',1,'admin','::1','2020-01-02 15:50:15'),
	(1533,'category','category-add','/b/category/category-add?parentid=0&_=1577951413297',1,'admin','::1','2020-01-02 15:50:16'),
	(1534,'category','category-select','/b/category/category-select',1,'admin','::1','2020-01-02 15:50:16'),
	(1535,'category','list','/b/category/list?menuid=36&&_=1577951429707',1,'admin','::1','2020-01-02 15:50:32'),
	(1536,'category','list','/b/category/list?grid=treegrid',1,'admin','::1','2020-01-02 15:50:32'),
	(1537,'category','category-add','/b/category/category-add?parentid=0&_=1577951429708',1,'admin','::1','2020-01-02 15:50:33'),
	(1538,'category','category-select','/b/category/category-select',1,'admin','::1','2020-01-02 15:50:33'),
	(1539,'category','category-add','/b/category/category-add?parentid=0&_=1577951429710',1,'admin','::1','2020-01-02 15:59:32'),
	(1540,'category','category-select','/b/category/category-select',1,'admin','::1','2020-01-02 15:59:32'),
	(1541,'category','list','/b/category/list?grid=treegrid',1,'admin','::1','2020-01-02 15:59:35'),
	(1542,'category','list','/b/category/list?grid=treegrid',1,'admin','::1','2020-01-02 15:59:35'),
	(1543,'category','list','/b/category/list?grid=treegrid',1,'admin','::1','2020-01-02 15:59:35'),
	(1544,'content','index','/b/content/index?menuid=35&&_=1577951429712',1,'admin','::1','2020-01-02 15:59:36'),
	(1545,'content','right','/b/content/right?_=1577951429713',1,'admin','::1','2020-01-02 15:59:36'),
	(1546,'content','right','/b/content/right',1,'admin','::1','2020-01-02 15:59:36'),
	(1547,'content','right','/b/content/right',1,'admin','::1','2020-01-02 15:59:36'),
	(1548,'category','list','/b/category/list?menuid=36&&_=1577951429715',1,'admin','::1','2020-01-02 15:59:36'),
	(1549,'category','list','/b/category/list?grid=treegrid',1,'admin','::1','2020-01-02 15:59:37'),
	(1550,'category','category-add','/b/category/category-add?parentid=0&_=1577951429716',1,'admin','::1','2020-01-02 15:59:38'),
	(1551,'category','category-select','/b/category/category-select',1,'admin','::1','2020-01-02 15:59:39'),
	(1552,'content','index','/b/content/index?menuid=35&&_=1577952460157',1,'admin','::1','2020-01-02 16:07:42'),
	(1553,'content','right','/b/content/right?_=1577952460158',1,'admin','::1','2020-01-02 16:07:42'),
	(1554,'content','right','/b/content/right',1,'admin','::1','2020-01-02 16:07:42'),
	(1555,'content','right','/b/content/right',1,'admin','::1','2020-01-02 16:07:42'),
	(1556,'category','list','/b/category/list?menuid=36&&_=1577952460160',1,'admin','::1','2020-01-02 16:07:42'),
	(1557,'category','list','/b/category/list?grid=treegrid',1,'admin','::1','2020-01-02 16:07:43'),
	(1558,'category','category-add','/b/category/category-add?parentid=0&_=1577952460161',1,'admin','::1','2020-01-02 16:07:44'),
	(1559,'category','category-select','/b/category/category-select',1,'admin','::1','2020-01-02 16:07:44'),
	(1560,'category','category-add','/b/category/category-add',1,'admin','::1','2020-01-02 16:08:04'),
	(1561,'category','category-add','/b/category/category-add',1,'admin','::1','2020-01-02 16:08:08'),
	(1562,'content','index','/b/content/index?menuid=35&&_=1577952529328',1,'admin','::1','2020-01-02 16:08:51'),
	(1563,'content','right','/b/content/right?_=1577952529329',1,'admin','::1','2020-01-02 16:08:51'),
	(1564,'content','right','/b/content/right',1,'admin','::1','2020-01-02 16:08:51'),
	(1565,'content','right','/b/content/right',1,'admin','::1','2020-01-02 16:08:51'),
	(1566,'category','list','/b/category/list?menuid=36&&_=1577952529331',1,'admin','::1','2020-01-02 16:08:52'),
	(1567,'category','list','/b/category/list?grid=treegrid',1,'admin','::1','2020-01-02 16:08:52'),
	(1568,'category','category-add','/b/category/category-add?parentid=0&_=1577952529332',1,'admin','::1','2020-01-02 16:08:53'),
	(1569,'category','category-select','/b/category/category-select',1,'admin','::1','2020-01-02 16:08:53'),
	(1570,'category','category-add','/b/category/category-add',1,'admin','::1','2020-01-02 16:09:03'),
	(1571,'category','category-add','/b/category/category-add?parentid=0&_=1577952529334',1,'admin','::1','2020-01-02 16:10:00'),
	(1572,'category','category-select','/b/category/category-select',1,'admin','::1','2020-01-02 16:10:00'),
	(1573,'content','index','/b/content/index?menuid=35&&_=1577952529336',1,'admin','::1','2020-01-02 16:10:13'),
	(1574,'content','right','/b/content/right?_=1577952529337',1,'admin','::1','2020-01-02 16:10:13'),
	(1575,'content','right','/b/content/right',1,'admin','::1','2020-01-02 16:10:13'),
	(1576,'content','right','/b/content/right',1,'admin','::1','2020-01-02 16:10:13'),
	(1577,'content','news-list','/b/content/news-list?catid=1&_=1577952529339',1,'admin','::1','2020-01-02 16:10:14'),
	(1578,'content','news-list','/b/content/news-list?grid=datagrid&catid=1&page=1&rows=20',1,'admin','::1','2020-01-02 16:10:14'),
	(1579,'content','add','/b/content/add?catid=1',1,'admin','::1','2020-01-02 16:10:16'),
	(1580,'category','list','/b/category/list?menuid=36&&_=1577952529340',1,'admin','::1','2020-01-02 16:11:16'),
	(1581,'category','list','/b/category/list?grid=treegrid',1,'admin','::1','2020-01-02 16:11:16'),
	(1582,'content','index','/b/content/index?menuid=35&&_=1577952529341',1,'admin','::1','2020-01-02 16:11:16'),
	(1583,'content','right','/b/content/right?_=1577952529342',1,'admin','::1','2020-01-02 16:11:16'),
	(1584,'content','right','/b/content/right',1,'admin','::1','2020-01-02 16:11:16'),
	(1585,'content','right','/b/content/right',1,'admin','::1','2020-01-02 16:11:16'),
	(1586,'content','news-list','/b/content/news-list?catid=1&_=1577952529344',1,'admin','::1','2020-01-02 16:11:18'),
	(1587,'content','news-list','/b/content/news-list?grid=datagrid&catid=1&page=1&rows=20',1,'admin','::1','2020-01-02 16:11:18'),
	(1588,'content','add','/b/content/add?catid=1',1,'admin','::1','2020-01-02 16:11:21'),
	(1589,'category','list','/b/category/list?menuid=36&&_=1577952529345',1,'admin','::1','2020-01-02 17:21:41'),
	(1590,'category','list','/b/category/list?grid=treegrid',1,'admin','::1','2020-01-02 17:21:41'),
	(1591,'content','index','/b/content/index?menuid=35&&_=1577952529346',1,'admin','::1','2020-01-02 17:21:42'),
	(1592,'content','right','/b/content/right?_=1577952529347',1,'admin','::1','2020-01-02 17:21:42'),
	(1593,'content','right','/b/content/right',1,'admin','::1','2020-01-02 17:21:42'),
	(1594,'content','right','/b/content/right',1,'admin','::1','2020-01-02 17:21:42'),
	(1595,'content','news-list','/b/content/news-list?catid=1&_=1577952529349',1,'admin','::1','2020-01-02 17:21:43'),
	(1596,'content','news-list','/b/content/news-list?grid=datagrid&catid=1&page=1&rows=20',1,'admin','::1','2020-01-02 17:21:43'),
	(1597,'content','add','/b/content/add?catid=1',1,'admin','::1','2020-01-02 17:21:44'),
	(1598,'content','right','/b/content/right',1,'admin','::1','2020-01-02 17:21:55'),
	(1599,'content','right','/b/content/right',1,'admin','::1','2020-01-02 17:21:56'),
	(1600,'content','right','/b/content/right',1,'admin','::1','2020-01-02 17:21:56'),
	(1601,'content','right','/b/content/right',1,'admin','::1','2020-01-02 17:21:56'),
	(1602,'content','right','/b/content/right',1,'admin','::1','2020-01-02 17:21:56'),
	(1603,'model','list','/b/model/list?menuid=62&&_=1577971241865',1,'admin','::1','2020-01-02 21:20:48'),
	(1604,'model','list','/b/model/list?page=1&rows=20',1,'admin','::1','2020-01-02 21:20:48'),
	(1605,'category','list','/b/category/list?menuid=36&&_=1577971241866',1,'admin','::1','2020-01-02 21:20:53'),
	(1606,'category','list','/b/category/list?grid=treegrid',1,'admin','::1','2020-01-02 21:20:53'),
	(1607,'content','index','/b/content/index?menuid=35&&_=1577971241867',1,'admin','::1','2020-01-02 21:20:55'),
	(1608,'content','right','/b/content/right?_=1577971241868',1,'admin','::1','2020-01-02 21:20:55'),
	(1609,'content','right','/b/content/right',1,'admin','::1','2020-01-02 21:20:55'),
	(1610,'content','right','/b/content/right',1,'admin','::1','2020-01-02 21:20:55'),
	(1611,'content','news-list','/b/content/news-list?catid=1&_=1577971241870',1,'admin','::1','2020-01-02 21:20:56'),
	(1612,'content','news-list','/b/content/news-list?grid=datagrid&catid=1&page=1&rows=20',1,'admin','::1','2020-01-02 21:20:56'),
	(1613,'content','add','/b/content/add?catid=1',1,'admin','::1','2020-01-02 21:20:57'),
	(1614,'content','add','/b/content/add?catid=1',1,'admin','::1','2020-01-02 21:44:33'),
	(1615,'content','add','/b/content/add?catid=1',1,'admin','::1','2020-01-02 21:44:40'),
	(1616,'category','list','/b/category/list?menuid=36&&_=1577972764750',1,'admin','::1','2020-01-02 21:46:09'),
	(1617,'category','list','/b/category/list?grid=treegrid',1,'admin','::1','2020-01-02 21:46:09'),
	(1618,'content','index','/b/content/index?menuid=35&&_=1577972764751',1,'admin','::1','2020-01-02 21:46:10'),
	(1619,'content','right','/b/content/right?_=1577972764752',1,'admin','::1','2020-01-02 21:46:11'),
	(1620,'content','right','/b/content/right',1,'admin','::1','2020-01-02 21:46:11'),
	(1621,'content','right','/b/content/right',1,'admin','::1','2020-01-02 21:46:11'),
	(1622,'content','news-list','/b/content/news-list?catid=1&_=1577972764754',1,'admin','::1','2020-01-02 21:46:12'),
	(1623,'content','news-list','/b/content/news-list?grid=datagrid&catid=1&page=1&rows=20',1,'admin','::1','2020-01-02 21:46:12'),
	(1624,'content','add','/b/content/add?catid=1',1,'admin','::1','2020-01-02 21:46:15'),
	(1625,'content','add','/b/content/add?catid=1',1,'admin','::1','2020-01-02 21:51:04'),
	(1626,'category','list','/b/category/list?menuid=36&&_=1577972764755',1,'admin','::1','2020-01-02 21:52:31'),
	(1627,'category','list','/b/category/list?grid=treegrid',1,'admin','::1','2020-01-02 21:52:31'),
	(1628,'content','index','/b/content/index?menuid=35&&_=1577972764756',1,'admin','::1','2020-01-02 21:52:31'),
	(1629,'content','right','/b/content/right?_=1577972764757',1,'admin','::1','2020-01-02 21:52:31'),
	(1630,'content','right','/b/content/right',1,'admin','::1','2020-01-02 21:52:31'),
	(1631,'content','right','/b/content/right',1,'admin','::1','2020-01-02 21:52:31'),
	(1632,'content','news-list','/b/content/news-list?catid=1&_=1577972764759',1,'admin','::1','2020-01-02 21:52:33'),
	(1633,'content','news-list','/b/content/news-list?grid=datagrid&catid=1&page=1&rows=20',1,'admin','::1','2020-01-02 21:52:33'),
	(1634,'content','add','/b/content/add?catid=1',1,'admin','::1','2020-01-02 21:52:34'),
	(1635,'content','add','/b/content/add?catid=1',1,'admin','::1','2020-01-02 21:53:51'),
	(1636,'content','add','/b/content/add?catid=1',1,'admin','::1','2020-01-02 21:54:43'),
	(1637,'model','list','/b/model/list?menuid=62&&_=1577972764760',1,'admin','::1','2020-01-02 22:00:32'),
	(1638,'model','list','/b/model/list?page=1&rows=20',1,'admin','::1','2020-01-02 22:00:32'),
	(1639,'model','add','/b/model/add?_=1577972764761',1,'admin','::1','2020-01-02 22:00:33'),
	(1640,'model','add','/b/model/add',1,'admin','::1','2020-01-02 22:04:48');
ALTER TABLE `iriscms_log` ENABLE KEYS;
UNLOCK TABLES;


LOCK TABLES `iriscms_member` WRITE;
ALTER TABLE `iriscms_member` DISABLE KEYS;
INSERT INTO `iriscms_member` (`id`, `account`, `password`, `avatar`, `nickname`, `integral`, `sale_integral`, `draw_account`, `telphone`, `qq`, `description`, `created_at`, `updated_at`, `email`, `enabled`, `verify_token`) VALUES 
	(1,'xiusin','159781','','陈二皮',1231211111,0,'','123123','1111222','','2019-01-24 11:40:00','2019-01-24 11:40:00','159781@11.com',0,'4b32a22c-5787-4d0b-98f2-ed5b0779bbcb');
ALTER TABLE `iriscms_member` ENABLE KEYS;
UNLOCK TABLES;


LOCK TABLES `iriscms_menu` WRITE;
ALTER TABLE `iriscms_menu` DISABLE KEYS;
INSERT INTO `iriscms_menu` (`id`, `name`, `parentid`, `c`, `a`, `data`, `is_system`, `listorder`, `display`) VALUES 
	(1,'我的面板',0,'admin','public-top','',1,1,'1'),
	(2,'系统设置',0,'setting','top','',0,6,'1'),
	(3,'内容管理',0,'content','top','',0,2,'1'),
	(54,'分类单页',35,'content','page','',0,0,'1'),
	(5,'后台管理',0,'system','top','',0,5,'1'),
	(6,'个人信息',1,'admin','public-left','',1,0,'1'),
	(7,'修改密码',6,'admin','public-editpwd','',1,1,'1'),
	(8,'修改个人信息',6,'admin','public-editinfo','',1,0,'1'),
	(9,'系统设置',2,'setting','left','',0,1,'1'),
	(10,'站点设置',9,'setting','site','',0,1,'1'),
	(11,'管理员设置',2,'admin','left','',0,2,'1'),
	(12,'管理员管理',11,'admin','memberlist','',0,1,'1'),
	(13,'角色管理',11,'admin','rolelist','',0,2,'1'),
	(14,'后台管理',5,'system','left','',0,1,'1'),
	(15,'日志管理',14,'system','loglist','',0,1,'1'),
	(16,'菜单管理',14,'system','menulist','',0,2,'1'),
	(17,'查看菜单',16,'system','menuview','',0,0,'1'),
	(18,'添加菜单',16,'system','menuadd','',0,0,'1'),
	(19,'修改菜单',16,'system','menuedit','',0,0,'1'),
	(20,'删除菜单',16,'system','menudelete','',0,0,'1'),
	(21,'菜单排序',16,'system','menuorder','',0,0,'1'),
	(22,'查看日志',15,'system','logview','',0,0,'1'),
	(23,'删除日志',15,'system','log-delete','',0,0,'1'),
	(24,'查看管理员',12,'admin','member-view','',0,0,'1'),
	(25,'添加管理员',12,'admin','member-add','',0,0,'1'),
	(26,'编辑管理员',12,'admin','member-edit','',0,0,'1'),
	(27,'删除管理员',12,'admin','member-delete','',0,0,'1'),
	(28,'查看角色',13,'admin','rolelist','',0,0,'1'),
	(29,'添加角色',13,'admin','role-add','',0,0,'1'),
	(30,'编辑角色',13,'admin','role-edit','',0,0,'1'),
	(31,'删除角色',13,'admin','role-delete','',0,0,'1'),
	(53,'新闻列表',35,'content','news-list','',0,0,'1'),
	(33,'权限设置',13,'admin','role-permission','',0,0,'1'),
	(34,'发布管理',3,'content','right','',0,0,'1'),
	(35,'内容管理',34,'content','index','',0,0,'1'),
	(36,'栏目管理',34,'category','list','',0,0,'1'),
	(37,'查看栏目',36,'category','view','',0,0,'1'),
	(38,'添加栏目',36,'category','add','',0,0,'1'),
	(39,'编辑栏目',36,'category','edit','',0,0,'1'),
	(40,'删除栏目',36,'category','delete','',0,0,'1'),
	(41,'栏目排序',36,'category','order','',0,0,'1'),
	(55,'会员管理',2,'user','list','',0,5,'1'),
	(56,'会员列表',55,'user','list','',0,0,'1'),
	(57,'会员信息',56,'user','info','',0,0,'1'),
	(58,'微信管理',2,'wechat','userlist','',0,0,'1'),
	(59,'微信会员信息',58,'wechat','userinfo','',0,0,'1'),
	(60,'编辑会员',55,'user','edit','',0,0,'1'),
	(61,'模型管理',2,'model','index','',0,0,'1'),
	(62,'模型列表',61,'model','list','',0,1,'1'),
	(64,'添加模型',62,'model','add','?menuid=64',0,0,'1');
ALTER TABLE `iriscms_menu` ENABLE KEYS;
UNLOCK TABLES;


LOCK TABLES `iriscms_news` WRITE;
ALTER TABLE `iriscms_news` DISABLE KEYS;
ALTER TABLE `iriscms_news` ENABLE KEYS;
UNLOCK TABLES;


LOCK TABLES `iriscms_page` WRITE;
ALTER TABLE `iriscms_page` DISABLE KEYS;
ALTER TABLE `iriscms_page` ENABLE KEYS;
UNLOCK TABLES;


LOCK TABLES `iriscms_setting` WRITE;
ALTER TABLE `iriscms_setting` DISABLE KEYS;
INSERT INTO `iriscms_setting` (`key`, `value`) VALUES 
	('EMAIL_USER',''),
	('EMAIL_SMTP',''),
	('EMAIL_PWD',''),
	('EMAIL_EMAIL',''),
	('SITE_ICP',''),
	('SITE_KEYWORDS',''),
	('SITE_DESCRIPTION',''),
	('SITE_TITLE',''),
	('WX_TOKEN',''),
	('OSS_HOST',''),
	('SITE_OPEN','开启'),
	('EMAIL_PORT','25'),
	('WX_APPSECRET',''),
	('WX_AESKEY',''),
	('HPJ_APPID',''),
	('DATAGRID_PAGE_SIZE','25'),
	('WX_APPID',''),
	('OSS_ENDPOINT',''),
	('OSS_KEYID',''),
	('OSS_BUCKETNAME',''),
	('HPJ_APPSECRET',''),
	('OSS_KEYSECRET','');
ALTER TABLE `iriscms_setting` ENABLE KEYS;
UNLOCK TABLES;


LOCK TABLES `iriscms_slide` WRITE;
ALTER TABLE `iriscms_slide` DISABLE KEYS;
ALTER TABLE `iriscms_slide` ENABLE KEYS;
UNLOCK TABLES;


LOCK TABLES `iriscms_wechat_member` WRITE;
ALTER TABLE `iriscms_wechat_member` DISABLE KEYS;
ALTER TABLE `iriscms_wechat_member` ENABLE KEYS;
UNLOCK TABLES;


LOCK TABLES `iriscms_wechat_message_log` WRITE;
ALTER TABLE `iriscms_wechat_message_log` DISABLE KEYS;
ALTER TABLE `iriscms_wechat_message_log` ENABLE KEYS;
UNLOCK TABLES;




SET FOREIGN_KEY_CHECKS = @PREVIOUS_FOREIGN_KEY_CHECKS;


